"","id","is_duplicate","cosine_wiki","euclidean_wiki","minkowski_wiki","wmd_wiki","cosine_google","euclidean_google","minkowski_google","wmd_google"
"1",100157,1,0.7373,0.3922,0.5917,0.3122,0.7373,0.3922,0.5917,0.3122
"2",101619,0,0.712,0.4443,0.6392,0.2534,0.712,0.4443,0.6392,0.2534
"3",101709,0,0.8441,0.4903,0.6762,0.4903,0.8441,0.4903,0.6762,0.4903
"4",101792,0,0.9757,0.6232,0.7879,0.5247,0.9757,0.6232,0.7879,0.5247
"5",101895,1,0.8407,0.5107,0.6957,0.5107,0.8407,0.5107,0.6957,0.5107
"6",10208,1,0.4239,0.376,0.5762,0.2952,0.4239,0.376,0.5762,0.2952
"7",102242,0,0.7123,0.5327,0.7198,0.3069,0.7123,0.5327,0.7198,0.3069
"8",102665,1,0.7789,0.503,0.6916,0.3432,0.7789,0.503,0.6916,0.3432
"9",104014,0,0.2486,0.3523,0.55,0.2077,0.2486,0.3523,0.55,0.2077
"10",104109,0,0.8676,0.5029,0.6929,0.4572,0.8676,0.5029,0.6929,0.4572
"11",10419,0,0.539,0.2251,0.3939,0.1913,0.539,0.2251,0.3939,0.1913
"12",104843,0,0.7533,0.5169,0.7012,0.302,0.7533,0.5169,0.7012,0.302
"13",105348,1,0.8428,0.5204,0.7046,0.4179,0.8428,0.5204,0.7046,0.4179
"14",105522,0,0.834,0.5022,0.6889,0.4093,0.834,0.5022,0.6889,0.4093
"15",105552,1,0.6769,0.4297,0.6259,0.3065,0.6769,0.4297,0.6259,0.3065
"16",106064,0,0.8122,0.5457,0.728,0.3196,0.8122,0.5457,0.728,0.3196
"17",106352,0,0.6954,0.4702,0.6656,0.3404,0.6954,0.4702,0.6656,0.3404
"18",106470,1,0.8486,0.5583,0.7397,0.387,0.8486,0.5583,0.7397,0.387
"19",106869,0,0.693,0.3223,0.518,0.2781,0.693,0.3223,0.518,0.2781
"20",10757,0,0.6471,0.5346,0.7198,0.2968,0.6471,0.5346,0.7198,0.2968
"21",108936,0,1,1,1,1,1,1,1,1
"22",109506,0,0.9372,0.6445,0.8039,0.6445,0.9372,0.6445,0.8039,0.6445
"23",109636,1,0.9643,0.7189,0.8516,0.6349,0.9643,0.7189,0.8516,0.6349
"24",110009,0,0.9582,0.6101,0.7776,0.6101,0.9582,0.6101,0.7776,0.6101
"25",110893,0,0.9109,0.5936,0.7665,0.5936,0.9109,0.5936,0.7665,0.5936
"26",111466,0,0.8094,0.3268,0.5176,0.3268,0.8094,0.3268,0.5176,0.3268
"27",112146,0,0.8418,0.4792,0.672,0.4053,0.8418,0.4792,0.672,0.4053
"28",112546,1,0.8488,0.4337,0.6324,0.4033,0.8488,0.4337,0.6324,0.4033
"29",112705,0,0.7217,0.4095,0.6037,0.3268,0.7217,0.4095,0.6037,0.3268
"30",113275,1,0.7597,0.5569,0.7329,0.3583,0.7597,0.5569,0.7329,0.3583
"31",113384,1,1,1,1,1,1,1,1,1
"32",1135,0,0.8086,0.4741,0.6663,0.4741,0.8086,0.4741,0.6663,0.4741
"33",113947,0,0.7887,0.5496,0.7291,0.3985,0.7887,0.5496,0.7291,0.3985
"34",11424,0,0.4496,0.4004,0.5948,0.2492,0.4496,0.4004,0.5948,0.2492
"35",114695,0,0.944,0.632,0.7895,0.5648,0.944,0.632,0.7895,0.5648
"36",11477,0,0.7735,0.4607,0.6576,0.338,0.7735,0.4607,0.6576,0.338
"37",115094,0,0.663,0.4836,0.6788,0.2911,0.663,0.4836,0.6788,0.2911
"38",116518,1,0.9608,0.69,0.8298,0.69,0.9608,0.69,0.8298,0.69
"39",11653,0,0.2013,0.3127,0.4989,0.2051,0.2013,0.3127,0.4989,0.2051
"40",11681,0,0.3461,0.3123,0.5008,0.2133,0.3461,0.3123,0.5008,0.2133
"41",117079,1,0.8435,0.5505,0.7317,0.3934,0.8435,0.5505,0.7317,0.3934
"42",1171,1,0.6923,0.431,0.6295,0.3081,0.6923,0.431,0.6295,0.3081
"43",117323,0,0.5802,0.4673,0.6616,0.3427,0.5802,0.4673,0.6616,0.3427
"44",117359,0,1,1,1,1,1,1,1,1
"45",117486,1,0.8455,0.5284,0.7095,0.3963,0.8455,0.5284,0.7095,0.3963
"46",1178,0,0.577,0.3985,0.5983,0.262,0.577,0.3985,0.5983,0.262
"47",118538,0,0.8737,0.6181,0.7823,0.5944,0.8737,0.6181,0.7823,0.5944
"48",119081,0,0.6501,0.392,0.5832,0.2595,0.6501,0.392,0.5832,0.2595
"49",119306,0,0.7462,0.4725,0.6669,0.3165,0.7462,0.4725,0.6669,0.3165
"50",11939,0,0.2255,0.3386,0.5322,0.2185,0.2255,0.3386,0.5322,0.2185
"51",119486,1,0.8971,0.6016,0.7708,0.4802,0.8971,0.6016,0.7708,0.4802
"52",119805,1,0.8453,0.4497,0.6439,0.3702,0.8453,0.4497,0.6439,0.3702
"53",119981,1,0.7111,0.4142,0.6079,0.2865,0.7111,0.4142,0.6079,0.2865
"54",120514,0,0.1649,0.3242,0.5178,0.2418,0.1649,0.3242,0.5178,0.2418
"55",120837,0,0.9254,0.6032,0.7674,0.6032,0.9254,0.6032,0.7674,0.6032
"56",121285,0,0.9173,0.6463,0.7948,0.6463,0.9173,0.6463,0.7948,0.6463
"57",121902,0,0.1831,0.4016,0.6009,0.229,0.1831,0.4016,0.6009,0.229
"58",12210,0,0.9291,0.6065,0.772,0.5633,0.9291,0.6065,0.772,0.5633
"59",122113,1,0.8561,0.479,0.6726,0.3416,0.8561,0.479,0.6726,0.3416
"60",122262,1,0.7797,0.5398,0.7223,0.3832,0.7797,0.5398,0.7223,0.3832
"61",122720,0,0.7334,0.4747,0.6627,0.3301,0.7334,0.4747,0.6627,0.3301
"62",122908,0,0.8384,0.5274,0.7136,0.3783,0.8384,0.5274,0.7136,0.3783
"63",123247,0,0.8348,0.5037,0.6912,0.4066,0.8348,0.5037,0.6912,0.4066
"64",124541,1,0.6743,0.3118,0.5029,0.2816,0.6743,0.3118,0.5029,0.2816
"65",124904,1,1,1,1,1,1,1,1,1
"66",124910,0,0.4065,0.3878,0.5896,0.2324,0.4065,0.3878,0.5896,0.2324
"67",12498,0,0.8798,0.4844,0.6671,0.3977,0.8798,0.4844,0.6671,0.3977
"68",125448,1,0.7974,0.4569,0.6446,0.3522,0.7974,0.4569,0.6446,0.3522
"69",125666,0,0.8454,0.448,0.6444,0.3504,0.8454,0.448,0.6444,0.3504
"70",126213,0,0.8144,0.4647,0.6577,0.4361,0.8144,0.4647,0.6577,0.4361
"71",126982,0,0.5978,0.4134,0.6086,0.3434,0.5978,0.4134,0.6086,0.3434
"72",12717,0,0.7873,0.4922,0.6822,0.3073,0.7873,0.4922,0.6822,0.3073
"73",127387,0,0.7146,0.4113,0.6095,0.3077,0.7146,0.4113,0.6095,0.3077
"74",128141,1,0.6972,0.4178,0.6138,0.327,0.6972,0.4178,0.6138,0.327
"75",128180,0,0.8934,0.5333,0.7152,0.5333,0.8934,0.5333,0.7152,0.5333
"76",128325,0,0.8871,0.5096,0.6957,0.4636,0.8871,0.5096,0.6957,0.4636
"77",12864,0,0.6269,0.4343,0.6256,0.2786,0.6269,0.4343,0.6256,0.2786
"78",1295,0,0.6699,0.4411,0.6345,0.3337,0.6699,0.4411,0.6345,0.3337
"79",130055,1,0.9517,0.6619,0.8133,0.599,0.9517,0.6619,0.8133,0.599
"80",130075,0,0.913,0.6193,0.7846,0.4929,0.913,0.6193,0.7846,0.4929
"81",131186,1,0.9283,0.6665,0.8125,0.5305,0.9283,0.6665,0.8125,0.5305
"82",131327,0,0.7068,0.4932,0.6867,0.3019,0.7068,0.4932,0.6867,0.3019
"83",132064,0,0.475,0.3998,0.5967,0.283,0.475,0.3998,0.5967,0.283
"84",132097,0,0.8206,0.4711,0.6639,0.4711,0.8206,0.4711,0.6639,0.4711
"85",132524,1,0.8048,0.3722,0.5607,0.3722,0.8048,0.3722,0.5607,0.3722
"86",132670,0,0.2592,0.3387,0.5329,0.2229,0.2592,0.3387,0.5329,0.2229
"87",133491,1,0.9512,0.6953,0.8361,0.6953,0.9512,0.6953,0.8361,0.6953
"88",133605,1,0.8363,0.5119,0.6994,0.423,0.8363,0.5119,0.6994,0.423
"89",133998,0,0.7018,0.484,0.675,0.2825,0.7018,0.484,0.675,0.2825
"90",134752,1,0.9402,0.6689,0.8166,0.6228,0.9402,0.6689,0.8166,0.6228
"91",134778,1,1,1,1,1,1,1,1,1
"92",134966,0,0.697,0.414,0.608,0.2531,0.697,0.414,0.608,0.2531
"93",135514,1,0.9066,0.5491,0.731,0.5132,0.9066,0.5491,0.731,0.5132
"94",13624,0,0.3782,0.4141,0.6132,0.2356,0.3782,0.4141,0.6132,0.2356
"95",136264,0,0.7367,0.4784,0.6683,0.3026,0.7367,0.4784,0.6683,0.3026
"96",136908,1,0.9393,0.6211,0.7866,0.4609,0.9393,0.6211,0.7866,0.4609
"97",137299,0,0.9138,0.6169,0.7791,0.5386,0.9138,0.6169,0.7791,0.5386
"98",13757,0,0.749,0.5404,0.7244,0.3378,0.749,0.5404,0.7244,0.3378
"99",137839,1,1,1,1,1,1,1,1,1
"100",138332,0,0.8876,0.6018,0.7705,0.5083,0.8876,0.6018,0.7705,0.5083
"101",138563,0,0.6969,0.502,0.6934,0.2812,0.6969,0.502,0.6934,0.2812
"102",139008,0,0.7311,0.4034,0.6003,0.3165,0.7311,0.4034,0.6003,0.3165
"103",139059,1,0.6394,0.3625,0.5562,0.3625,0.6394,0.3625,0.5562,0.3625
"104",139093,1,1,1,1,1,1,1,1,1
"105",139133,0,0.2985,0.3453,0.543,0.2084,0.2985,0.3453,0.543,0.2084
"106",139242,0,0.9367,0.6172,0.7808,0.5633,0.9367,0.6172,0.7808,0.5633
"107",139256,1,0.7235,0.4702,0.6649,0.3942,0.7235,0.4702,0.6649,0.3942
"108",139706,0,0.6793,0.4544,0.6463,0.3691,0.6793,0.4544,0.6463,0.3691
"109",140178,0,1,1,1,1,1,1,1,1
"110",140827,0,0.7297,0.3647,0.564,0.2851,0.7297,0.3647,0.564,0.2851
"111",140883,0,1,1,1,1,1,1,1,1
"112",140979,1,0.722,0.5151,0.7019,0.3231,0.722,0.5151,0.7019,0.3231
"113",141155,0,0.8328,0.5167,0.7034,0.4867,0.8328,0.5167,0.7034,0.4867
"114",14183,0,0.5801,0.4352,0.6322,0.299,0.5801,0.4352,0.6322,0.299
"115",142220,0,0.6029,0.4599,0.6566,0.3029,0.6029,0.4599,0.6566,0.3029
"116",14226,0,0.0884,0.3277,0.5219,0.2133,0.0884,0.3277,0.5219,0.2133
"117",142289,1,0.865,0.4842,0.6733,0.3936,0.865,0.4842,0.6733,0.3936
"118",142312,1,0.8959,0.5938,0.7646,0.4683,0.8959,0.5938,0.7646,0.4683
"119",142567,0,1,1,1,1,1,1,1,1
"120",142982,1,0.6126,0.3565,0.5507,0.3565,0.6126,0.3565,0.5507,0.3565
"121",143466,0,0.8442,0.5117,0.6956,0.2668,0.8442,0.5117,0.6956,0.2668
"122",144003,0,0.5692,0.3629,0.5524,0.2804,0.5692,0.3629,0.5524,0.2804
"123",1441,0,0.7057,0.4735,0.6697,0.3034,0.7057,0.4735,0.6697,0.3034
"124",144209,1,0.9222,0.6334,0.7958,0.4756,0.9222,0.6334,0.7958,0.4756
"125",144370,0,0.7412,0.5191,0.7042,0.3336,0.7412,0.5191,0.7042,0.3336
"126",144479,0,0.1801,0.2452,0.4213,0.1763,0.1801,0.2452,0.4213,0.1763
"127",145099,1,0.922,0.6164,0.7802,0.5452,0.922,0.6164,0.7802,0.5452
"128",145200,0,0.8975,0.6096,0.7741,0.577,0.8975,0.6096,0.7741,0.577
"129",145377,0,0.5649,0.4576,0.6533,0.2463,0.5649,0.4576,0.6533,0.2463
"130",145948,0,0.9771,0.8137,0.9072,0.7489,0.9771,0.8137,0.9072,0.7489
"131",146533,0,0.4281,0.3602,0.5601,0.2417,0.4281,0.3602,0.5601,0.2417
"132",146595,1,1,1,1,1,1,1,1,1
"133",146630,0,0.8989,0.5167,0.7038,0.365,0.8989,0.5167,0.7038,0.365
"134",146787,0,0.5391,0.4377,0.6319,0.271,0.5391,0.4377,0.6319,0.271
"135",147288,0,0.7683,0.508,0.6929,0.3836,0.7683,0.508,0.6929,0.3836
"136",14741,0,0.6004,0.3824,0.5737,0.2623,0.6004,0.3824,0.5737,0.2623
"137",147792,0,0.1604,0.3143,0.5049,0.2046,0.1604,0.3143,0.5049,0.2046
"138",148400,0,0.5666,0.3455,0.539,0.249,0.5666,0.3455,0.539,0.249
"139",148674,1,0.8272,0.546,0.7247,0.4752,0.8272,0.546,0.7247,0.4752
"140",149093,1,0.9331,0.6763,0.8221,0.6242,0.9331,0.6763,0.8221,0.6242
"141",150040,0,0.4891,0.3379,0.5326,0.2073,0.4891,0.3379,0.5326,0.2073
"142",150343,1,0.7324,0.4914,0.6817,0.3643,0.7324,0.4914,0.6817,0.3643
"143",150680,1,0.787,0.4526,0.6471,0.3657,0.787,0.4526,0.6471,0.3657
"144",151529,0,0.6077,0.4779,0.6685,0.3129,0.6077,0.4779,0.6685,0.3129
"145",151548,0,0.3322,0.387,0.5829,0.2099,0.3322,0.387,0.5829,0.2099
"146",152017,0,0.2421,0.36,0.5603,0.2056,0.2421,0.36,0.5603,0.2056
"147",152382,0,0.8183,0.5509,0.7321,0.4148,0.8183,0.5509,0.7321,0.4148
"148",152527,0,0.8501,0.5574,0.7325,0.5221,0.8501,0.5574,0.7325,0.5221
"149",152539,0,1,1,1,1,1,1,1,1
"150",152900,0,0.1875,0.3474,0.5452,0.2207,0.1875,0.3474,0.5452,0.2207
"151",152924,0,0.6879,0.3734,0.5629,0.3369,0.6879,0.3734,0.5629,0.3369
"152",153801,1,0.8837,0.5859,0.7577,0.4748,0.8837,0.5859,0.7577,0.4748
"153",154194,0,0.878,0.52,0.7041,0.3908,0.878,0.52,0.7041,0.3908
"154",15443,1,0.632,0.4407,0.6327,0.3383,0.632,0.4407,0.6327,0.3383
"155",15469,0,0.9639,0.6447,0.8016,0.5817,0.9639,0.6447,0.8016,0.5817
"156",154939,1,1,1,1,1,1,1,1,1
"157",154944,1,0.8287,0.4638,0.657,0.4638,0.8287,0.4638,0.657,0.4638
"158",155459,0,0.7063,0.4889,0.6821,0.3512,0.7063,0.4889,0.6821,0.3512
"159",155501,1,1,1,1,1,1,1,1,1
"160",15586,0,0.7785,0.4773,0.6716,0.3108,0.7785,0.4773,0.6716,0.3108
"161",156321,1,0.6724,0.5072,0.6938,0.3221,0.6724,0.5072,0.6938,0.3221
"162",156397,1,0.9401,0.6337,0.7949,0.574,0.9401,0.6337,0.7949,0.574
"163",156585,1,0.9424,0.628,0.7875,0.5252,0.9424,0.628,0.7875,0.5252
"164",156992,0,0.9308,0.5262,0.7141,0.4705,0.9308,0.5262,0.7141,0.4705
"165",157000,0,0.4919,0.3978,0.5923,0.2727,0.4919,0.3978,0.5923,0.2727
"166",15701,1,0.8459,0.4449,0.6369,0.3488,0.8459,0.4449,0.6369,0.3488
"167",157420,0,0.907,0.6189,0.7841,0.5093,0.907,0.6189,0.7841,0.5093
"168",157478,1,0.9032,0.644,0.8002,0.644,0.9032,0.644,0.8002,0.644
"169",157680,0,0.0996,0.304,0.4948,0.2073,0.0996,0.304,0.4948,0.2073
"170",158358,0,0.842,0.5419,0.7217,0.339,0.842,0.5419,0.7217,0.339
"171",158441,1,0.751,0.4802,0.6689,0.3907,0.751,0.4802,0.6689,0.3907
"172",159139,0,0.2736,0.3238,0.5109,0.2171,0.2736,0.3238,0.5109,0.2171
"173",159997,1,0.7464,0.4306,0.6213,0.3201,0.7464,0.4306,0.6213,0.3201
"174",160255,1,0.8825,0.4771,0.6681,0.3804,0.8825,0.4771,0.6681,0.3804
"175",161008,0,0.7092,0.4807,0.6738,0.3351,0.7092,0.4807,0.6738,0.3351
"176",161135,0,0.942,0.6925,0.8338,0.6925,0.942,0.6925,0.8338,0.6925
"177",161519,0,0.1851,0.3235,0.5092,0.2118,0.1851,0.3235,0.5092,0.2118
"178",16188,0,0.6176,0.4116,0.6091,0.309,0.6176,0.4116,0.6091,0.309
"179",162129,0,0.8786,0.5498,0.731,0.4603,0.8786,0.5498,0.731,0.4603
"180",162360,0,0.1237,0.3105,0.4994,0.2318,0.1237,0.3105,0.4994,0.2318
"181",162494,0,0.913,0.6529,0.8047,0.6173,0.913,0.6529,0.8047,0.6173
"182",162529,0,0.5882,0.4237,0.6219,0.2818,0.5882,0.4237,0.6219,0.2818
"183",162948,1,0.9387,0.6227,0.7845,0.5549,0.9387,0.6227,0.7845,0.5549
"184",162963,0,0.713,0.4874,0.6761,0.304,0.713,0.4874,0.6761,0.304
"185",163661,1,0.7714,0.4423,0.6388,0.3592,0.7714,0.4423,0.6388,0.3592
"186",163703,0,0.9387,0.6544,0.8074,0.5481,0.9387,0.6544,0.8074,0.5481
"187",163986,1,0.9552,0.6879,0.8302,0.6113,0.9552,0.6879,0.8302,0.6113
"188",164061,1,0.4808,0.333,0.52,0.2757,0.4808,0.333,0.52,0.2757
"189",164724,0,0.2455,0.3527,0.5458,0.2092,0.2455,0.3527,0.5458,0.2092
"190",166127,0,0.8029,0.4728,0.6685,0.3176,0.8029,0.4728,0.6685,0.3176
"191",166263,0,0.4352,0.4336,0.6264,0.2362,0.4352,0.4336,0.6264,0.2362
"192",166804,0,0.7203,0.5054,0.6954,0.3611,0.7203,0.5054,0.6954,0.3611
"193",167008,0,1,1,1,1,1,1,1,1
"194",168062,0,0.8976,0.5754,0.7488,0.4475,0.8976,0.5754,0.7488,0.4475
"195",168083,1,1,1,1,1,1,1,1,1
"196",168556,0,0.9948,0.8835,0.9444,0.8835,0.9948,0.8835,0.9444,0.8835
"197",168963,0,0.6196,0.5102,0.6974,0.2947,0.6196,0.5102,0.6974,0.2947
"198",169717,0,0.6138,0.47,0.6642,0.2775,0.6138,0.47,0.6642,0.2775
"199",169792,1,0.9111,0.6294,0.7898,0.4875,0.9111,0.6294,0.7898,0.4875
"200",170211,0,0.978,0.7594,0.8747,0.7594,0.978,0.7594,0.8747,0.7594
"201",170545,0,0.748,0.4469,0.6441,0.3435,0.748,0.4469,0.6441,0.3435
"202",17055,1,1,1,1,1,1,1,1,1
"203",170597,0,0.6258,0.4259,0.6246,0.3174,0.6258,0.4259,0.6246,0.3174
"204",170883,0,0.7655,0.4881,0.6804,0.3287,0.7655,0.4881,0.6804,0.3287
"205",17117,1,0.8968,0.5265,0.7137,0.4811,0.8968,0.5265,0.7137,0.4811
"206",171453,0,0.5706,0.3442,0.5384,0.3442,0.5706,0.3442,0.5384,0.3442
"207",171538,1,0.8796,0.5079,0.695,0.4069,0.8796,0.5079,0.695,0.4069
"208",171686,0,0.8949,0.6386,0.798,0.5355,0.8949,0.6386,0.798,0.5355
"209",171727,1,0.6845,0.4449,0.6409,0.3664,0.6845,0.4449,0.6409,0.3664
"210",172316,1,0.8734,0.5677,0.7466,0.4529,0.8734,0.5677,0.7466,0.4529
"211",17238,1,0.6379,0.4022,0.5973,0.3264,0.6379,0.4022,0.5973,0.3264
"212",172406,1,1,1,1,1,1,1,1,1
"213",172425,0,0.7831,0.4698,0.6612,0.4698,0.7831,0.4698,0.6612,0.4698
"214",172797,0,0.5811,0.4568,0.6517,0.2719,0.5811,0.4568,0.6517,0.2719
"215",172903,0,0.7067,0.5014,0.69,0.3072,0.7067,0.5014,0.69,0.3072
"216",173135,0,0.7775,0.3529,0.5503,0.3029,0.7775,0.3529,0.5503,0.3029
"217",173264,0,0.4222,0.3516,0.5474,0.2187,0.4222,0.3516,0.5474,0.2187
"218",173487,0,0.6395,0.4074,0.6047,0.3186,0.6395,0.4074,0.6047,0.3186
"219",173539,0,0.159,0.3226,0.5143,0.2072,0.159,0.3226,0.5143,0.2072
"220",173591,0,0.7651,0.4614,0.6584,0.3706,0.7651,0.4614,0.6584,0.3706
"221",173675,0,0.7759,0.4754,0.666,0.3931,0.7759,0.4754,0.666,0.3931
"222",174020,0,0.0955,0.2995,0.4837,0.1902,0.0955,0.2995,0.4837,0.1902
"223",174881,0,0.5369,0.3154,0.5064,0.2945,0.5369,0.3154,0.5064,0.2945
"224",174889,0,0.7263,0.4718,0.6613,0.2926,0.7263,0.4718,0.6613,0.2926
"225",175219,1,1,1,1,1,1,1,1,1
"226",175653,0,0.7785,0.469,0.6623,0.469,0.7785,0.469,0.6623,0.469
"227",175910,0,0.8211,0.5419,0.7253,0.4501,0.8211,0.5419,0.7253,0.4501
"228",176027,0,0.3906,0.4245,0.6156,0.2392,0.3906,0.4245,0.6156,0.2392
"229",176176,1,1,1,1,1,1,1,1,1
"230",17730,0,1,1,1,1,1,1,1,1
"231",177936,0,0.8067,0.4616,0.6524,0.3356,0.8067,0.4616,0.6524,0.3356
"232",178045,0,0.5603,0.3932,0.5831,0.2808,0.5603,0.3932,0.5831,0.2808
"233",178088,0,0.6754,0.3797,0.5749,0.2757,0.6754,0.3797,0.5749,0.2757
"234",178121,1,1,1,1,1,1,1,1,1
"235",178277,1,0.7751,0.4761,0.663,0.3523,0.7751,0.4761,0.663,0.3523
"236",178391,0,1,1,1,1,1,1,1,1
"237",178638,1,1,1,1,1,1,1,1,1
"238",179174,0,0.816,0.4624,0.656,0.3962,0.816,0.4624,0.656,0.3962
"239",179299,0,0.9288,0.6125,0.7764,0.6125,0.9288,0.6125,0.7764,0.6125
"240",17956,0,0.8354,0.5225,0.708,0.4719,0.8354,0.5225,0.708,0.4719
"241",179699,1,0.8143,0.5435,0.7229,0.4003,0.8143,0.5435,0.7229,0.4003
"242",179933,1,0.7026,0.4627,0.6616,0.3994,0.7026,0.4627,0.6616,0.3994
"243",180285,1,0.9098,0.5791,0.749,0.5791,0.9098,0.5791,0.749,0.5791
"244",180323,0,0.2542,0.3734,0.5678,0.2192,0.2542,0.3734,0.5678,0.2192
"245",180325,0,0.6697,0.4776,0.6741,0.3435,0.6697,0.4776,0.6741,0.3435
"246",182277,1,0.7465,0.4805,0.6723,0.3522,0.7465,0.4805,0.6723,0.3522
"247",182366,0,0.4389,0.4447,0.6409,0.2327,0.4389,0.4447,0.6409,0.2327
"248",18277,0,0.395,0.3562,0.5537,0.2042,0.395,0.3562,0.5537,0.2042
"249",182805,0,0.318,0.3678,0.564,0.2138,0.318,0.3678,0.564,0.2138
"250",183295,1,0.8107,0.5038,0.6934,0.4038,0.8107,0.5038,0.6934,0.4038
"251",183516,1,0.9208,0.6472,0.8026,0.5992,0.9208,0.6472,0.8026,0.5992
"252",183742,1,0.7536,0.4552,0.6478,0.4552,0.7536,0.4552,0.6478,0.4552
"253",183852,1,0.9118,0.576,0.7489,0.4851,0.9118,0.576,0.7489,0.4851
"254",184184,0,0.6985,0.4193,0.6176,0.3106,0.6985,0.4193,0.6176,0.3106
"255",184376,1,0.4405,0.3763,0.5685,0.2539,0.4405,0.3763,0.5685,0.2539
"256",184472,1,0.759,0.4713,0.6649,0.3816,0.759,0.4713,0.6649,0.3816
"257",184736,0,0.6609,0.3989,0.5896,0.2856,0.6609,0.3989,0.5896,0.2856
"258",184876,0,0.4908,0.4158,0.613,0.2378,0.4908,0.4158,0.613,0.2378
"259",185109,1,0.9376,0.5993,0.7698,0.5337,0.9376,0.5993,0.7698,0.5337
"260",186229,0,0.644,0.3892,0.5871,0.3892,0.644,0.3892,0.5871,0.3892
"261",186283,1,0.8237,0.5062,0.6935,0.3804,0.8237,0.5062,0.6935,0.3804
"262",186744,0,0.8905,0.6446,0.8026,0.6446,0.8905,0.6446,0.8026,0.6446
"263",188675,1,0.5531,0.4104,0.6079,0.3037,0.5531,0.4104,0.6079,0.3037
"264",189341,1,1,1,1,1,1,1,1,1
"265",18996,1,0.8447,0.5005,0.6893,0.5005,0.8447,0.5005,0.6893,0.5005
"266",19029,0,0.2233,0.257,0.4334,0.2169,0.2233,0.257,0.4334,0.2169
"267",19044,0,0.7178,0.395,0.5913,0.2979,0.7178,0.395,0.5913,0.2979
"268",19103,0,0.5371,0.449,0.6431,0.2743,0.5371,0.449,0.6431,0.2743
"269",191645,1,0.9102,0.5233,0.7127,0.468,0.9102,0.5233,0.7127,0.468
"270",191934,0,0.6762,0.4885,0.6824,0.3067,0.6762,0.4885,0.6824,0.3067
"271",192354,0,0.835,0.5771,0.7513,0.3983,0.835,0.5771,0.7513,0.3983
"272",192850,0,0.7622,0.4378,0.6371,0.2765,0.7622,0.4378,0.6371,0.2765
"273",193262,1,0.8522,0.4647,0.6564,0.3132,0.8522,0.4647,0.6564,0.3132
"274",193440,0,0.6039,0.4101,0.6093,0.2968,0.6039,0.4101,0.6093,0.2968
"275",19346,0,0.8114,0.5277,0.7091,0.5277,0.8114,0.5277,0.7091,0.5277
"276",19352,0,0.5394,0.4125,0.6055,0.2765,0.5394,0.4125,0.6055,0.2765
"277",193558,1,1,1,1,1,1,1,1,1
"278",193646,0,0.8281,0.5082,0.7003,0.4206,0.8281,0.5082,0.7003,0.4206
"279",195078,1,0.8741,0.5526,0.734,0.5081,0.8741,0.5526,0.734,0.5081
"280",19527,1,0.852,0.4943,0.6875,0.3871,0.852,0.4943,0.6875,0.3871
"281",195900,0,0.5203,0.2919,0.475,0.2919,0.5203,0.2919,0.475,0.2919
"282",196065,0,0.3966,0.3584,0.5429,0.2186,0.3966,0.3584,0.5429,0.2186
"283",196330,1,0.9738,0.7056,0.8419,0.7056,0.9738,0.7056,0.8419,0.7056
"284",196662,0,0.4665,0.4063,0.6001,0.2494,0.4665,0.4063,0.6001,0.2494
"285",196704,1,0.9498,0.6612,0.8113,0.6612,0.9498,0.6612,0.8113,0.6612
"286",197530,0,0.7797,0.5174,0.706,0.5174,0.7797,0.5174,0.706,0.5174
"287",197749,0,0.79,0.4623,0.6586,0.3266,0.79,0.4623,0.6586,0.3266
"288",198707,0,0.7908,0.383,0.5784,0.3151,0.7908,0.383,0.5784,0.3151
"289",198918,0,0.9606,0.6675,0.819,0.6675,0.9606,0.6675,0.819,0.6675
"290",199571,0,0.7818,0.4473,0.6437,0.4266,0.7818,0.4473,0.6437,0.4266
"291",200869,1,0.9261,0.5533,0.7326,0.4881,0.9261,0.5533,0.7326,0.4881
"292",201792,0,0.7814,0.5453,0.7257,0.3294,0.7814,0.5453,0.7257,0.3294
"293",202002,0,0.679,0.4394,0.6369,0.285,0.679,0.4394,0.6369,0.285
"294",202322,1,0.8882,0.4782,0.6732,0.3838,0.8882,0.4782,0.6732,0.3838
"295",20335,1,1,1,1,1,1,1,1,1
"296",204133,1,0.8302,0.5373,0.7186,0.413,0.8302,0.5373,0.7186,0.413
"297",2045,0,0.627,0.4918,0.6816,0.3034,0.627,0.4918,0.6816,0.3034
"298",204654,0,0.3995,0.4043,0.6012,0.2154,0.3995,0.4043,0.6012,0.2154
"299",204894,0,0.9399,0.6544,0.8089,0.5877,0.9399,0.6544,0.8089,0.5877
"300",20516,0,0.6333,0.4182,0.6151,0.3146,0.6333,0.4182,0.6151,0.3146
"301",205472,0,0.5974,0.3063,0.4889,0.3063,0.5974,0.3063,0.4889,0.3063
"302",205556,0,0.7512,0.5293,0.7111,0.3092,0.7512,0.5293,0.7111,0.3092
"303",206418,0,0.3731,0.3103,0.4992,0.247,0.3731,0.3103,0.4992,0.247
"304",206830,0,0.8009,0.4956,0.6895,0.3168,0.8009,0.4956,0.6895,0.3168
"305",20704,0,0.2484,0.3634,0.5594,0.2083,0.2484,0.3634,0.5594,0.2083
"306",207048,1,0.9006,0.5415,0.7273,0.4287,0.9006,0.5415,0.7273,0.4287
"307",207118,0,0.6648,0.4833,0.6703,0.3078,0.6648,0.4833,0.6703,0.3078
"308",207201,1,0.8633,0.5934,0.7648,0.3758,0.8633,0.5934,0.7648,0.3758
"309",207246,1,0.6258,0.3648,0.5609,0.299,0.6258,0.3648,0.5609,0.299
"310",207668,0,0.6323,0.4843,0.6747,0.2864,0.6323,0.4843,0.6747,0.2864
"311",208391,1,1,1,1,1,1,1,1,1
"312",208628,1,0.7532,0.4836,0.6729,0.4836,0.7532,0.4836,0.6729,0.4836
"313",209698,0,0.8459,0.3508,0.5363,0.3508,0.8459,0.3508,0.5363,0.3508
"314",210068,0,0.6228,0.4303,0.6216,0.3389,0.6228,0.4303,0.6216,0.3389
"315",210652,0,0.4545,0.3932,0.5882,0.3306,0.4545,0.3932,0.5882,0.3306
"316",211142,0,0.9928,0.8592,0.9311,0.7764,0.9928,0.8592,0.9311,0.7764
"317",211811,1,0.7851,0.4401,0.6336,0.3869,0.7851,0.4401,0.6336,0.3869
"318",213131,1,0.8136,0.4581,0.6489,0.3651,0.8136,0.4581,0.6489,0.3651
"319",213163,0,0.3364,0.3339,0.5254,0.2597,0.3364,0.3339,0.5254,0.2597
"320",213492,1,0.9741,0.7977,0.8959,0.7977,0.9741,0.7977,0.8959,0.7977
"321",213697,0,0.8155,0.5687,0.7507,0.4873,0.8155,0.5687,0.7507,0.4873
"322",213798,0,0.954,0.7291,0.8565,0.6873,0.954,0.7291,0.8565,0.6873
"323",213989,1,0.8098,0.52,0.7078,0.3557,0.8098,0.52,0.7078,0.3557
"324",21428,0,0.9307,0.6104,0.7776,0.4982,0.9307,0.6104,0.7776,0.4982
"325",216541,0,0.7136,0.5047,0.692,0.3368,0.7136,0.5047,0.692,0.3368
"326",216637,0,0.8494,0.4668,0.6607,0.3786,0.8494,0.4668,0.6607,0.3786
"327",217094,0,0.7718,0.4779,0.6732,0.4779,0.7718,0.4779,0.6732,0.4779
"328",217185,1,0.9657,0.6667,0.8156,0.5925,0.9657,0.6667,0.8156,0.5925
"329",217603,1,0.7342,0.4627,0.6521,0.4627,0.7342,0.4627,0.6521,0.4627
"330",218084,1,0.9227,0.6074,0.7731,0.5587,0.9227,0.6074,0.7731,0.5587
"331",219591,1,1,1,1,1,1,1,1,1
"332",22007,0,0.7973,0.5139,0.7027,0.3766,0.7973,0.5139,0.7027,0.3766
"333",220112,1,0.8657,0.5919,0.7604,0.4201,0.8657,0.5919,0.7604,0.4201
"334",220190,0,0.7695,0.4858,0.6736,0.4046,0.7695,0.4858,0.6736,0.4046
"335",22049,0,0.9304,0.4509,0.6434,0.4247,0.9304,0.4509,0.6434,0.4247
"336",220538,0,0.9224,0.5821,0.7567,0.5821,0.9224,0.5821,0.7567,0.5821
"337",220796,0,0.9234,0.6856,0.8292,0.6856,0.9234,0.6856,0.8292,0.6856
"338",220979,0,0.7079,0.5172,0.7039,0.356,0.7079,0.5172,0.7039,0.356
"339",221064,1,0.824,0.4349,0.6324,0.3479,0.824,0.4349,0.6324,0.3479
"340",221716,0,0.6513,0.5092,0.6961,0.2981,0.6513,0.5092,0.6961,0.2981
"341",222515,1,0.8977,0.5984,0.7669,0.5984,0.8977,0.5984,0.7669,0.5984
"342",222930,0,0.7608,0.4556,0.649,0.4359,0.7608,0.4556,0.649,0.4359
"343",223270,1,0.8007,0.5692,0.7404,0.4741,0.8007,0.5692,0.7404,0.4741
"344",22361,0,0.8317,0.4792,0.6703,0.3854,0.8317,0.4792,0.6703,0.3854
"345",223640,1,0.974,0.6604,0.8131,0.5879,0.974,0.6604,0.8131,0.5879
"346",223792,0,1,1,1,1,1,1,1,1
"347",223825,1,0.7256,0.4959,0.6879,0.3101,0.7256,0.4959,0.6879,0.3101
"348",223974,1,1,1,1,1,1,1,1,1
"349",224210,0,0.6247,0.4237,0.62,0.3332,0.6247,0.4237,0.62,0.3332
"350",224341,1,0.9625,0.5809,0.749,0.5809,0.9625,0.5809,0.749,0.5809
"351",224383,1,0.7489,0.4907,0.6773,0.3651,0.7489,0.4907,0.6773,0.3651
"352",22448,0,0.2995,0.3809,0.5806,0.2224,0.2995,0.3809,0.5806,0.2224
"353",224826,0,0.728,0.5267,0.7082,0.3388,0.728,0.5267,0.7082,0.3388
"354",225287,0,0.9221,0.5321,0.7166,0.5321,0.9221,0.5321,0.7166,0.5321
"355",225720,0,0.482,0.3929,0.5883,0.2317,0.482,0.3929,0.5883,0.2317
"356",226589,1,0.7279,0.5135,0.7009,0.3634,0.7279,0.5135,0.7009,0.3634
"357",226617,0,0.8484,0.572,0.7468,0.3782,0.8484,0.572,0.7468,0.3782
"358",226887,1,0.7713,0.5299,0.7173,0.4085,0.7713,0.5299,0.7173,0.4085
"359",227387,1,1,1,1,1,1,1,1,1
"360",227616,1,0.8822,0.535,0.7203,0.4509,0.8822,0.535,0.7203,0.4509
"361",227990,1,0.7156,0.4481,0.6402,0.2881,0.7156,0.4481,0.6402,0.2881
"362",228260,0,0.748,0.2716,0.45,0.2716,0.748,0.2716,0.45,0.2716
"363",228509,0,0.4964,0.415,0.6079,0.3013,0.4964,0.415,0.6079,0.3013
"364",228693,1,0.9435,0.5359,0.7147,0.5359,0.9435,0.5359,0.7147,0.5359
"365",228728,1,0.8706,0.5586,0.7365,0.5154,0.8706,0.5586,0.7365,0.5154
"366",228768,0,0.5671,0.3973,0.5922,0.3158,0.5671,0.3973,0.5922,0.3158
"367",22888,0,0.9739,0.7796,0.8879,0.7796,0.9739,0.7796,0.8879,0.7796
"368",229173,0,0.5208,0.4221,0.6193,0.2675,0.5208,0.4221,0.6193,0.2675
"369",229730,0,0.9148,0.5909,0.7648,0.5909,0.9148,0.5909,0.7648,0.5909
"370",229733,1,0.7616,0.577,0.7473,0.3578,0.7616,0.577,0.7473,0.3578
"371",229743,0,0.9092,0.6396,0.7959,0.6396,0.9092,0.6396,0.7959,0.6396
"372",230203,1,1,1,1,1,1,1,1,1
"373",230707,0,0.4297,0.3778,0.5662,0.2376,0.4297,0.3778,0.5662,0.2376
"374",231012,1,0.8518,0.5157,0.6999,0.3851,0.8518,0.5157,0.6999,0.3851
"375",23172,0,0.9555,0.568,0.7472,0.568,0.9555,0.568,0.7472,0.568
"376",232017,0,0.4415,0.3811,0.5765,0.2696,0.4415,0.3811,0.5765,0.2696
"377",232059,1,0.9151,0.4768,0.6627,0.4768,0.9151,0.4768,0.6627,0.4768
"378",232976,1,0.9709,0.5044,0.6936,0.454,0.9709,0.5044,0.6936,0.454
"379",234672,0,0.6027,0.3902,0.5818,0.2633,0.6027,0.3902,0.5818,0.2633
"380",234941,0,0.2132,0.2895,0.4709,0.1776,0.2132,0.2895,0.4709,0.1776
"381",235175,1,0.7616,0.4903,0.681,0.3901,0.7616,0.4903,0.681,0.3901
"382",235188,0,0.4168,0.3167,0.5114,0.2567,0.4168,0.3167,0.5114,0.2567
"383",235245,1,1,1,1,1,1,1,1,1
"384",235278,0,0.5764,0.2936,0.4755,0.2049,0.5764,0.2936,0.4755,0.2049
"385",23545,1,0.9645,0.6516,0.8085,0.5695,0.9645,0.6516,0.8085,0.5695
"386",235546,0,0.6429,0.4204,0.6191,0.4204,0.6429,0.4204,0.6191,0.4204
"387",236766,0,0.3552,0.3729,0.5638,0.2557,0.3552,0.3729,0.5638,0.2557
"388",237093,0,1,1,1,1,1,1,1,1
"389",238036,0,0.5811,0.4541,0.6518,0.3229,0.5811,0.4541,0.6518,0.3229
"390",238184,0,0.9636,0.7048,0.8424,0.6467,0.9636,0.7048,0.8424,0.6467
"391",238723,1,0.6067,0.3445,0.5403,0.2862,0.6067,0.3445,0.5403,0.2862
"392",238858,0,0.6105,0.4395,0.6316,0.2954,0.6105,0.4395,0.6316,0.2954
"393",238903,0,0.8012,0.4957,0.6859,0.4957,0.8012,0.4957,0.6859,0.4957
"394",238996,0,0.8923,0.5347,0.7155,0.3912,0.8923,0.5347,0.7155,0.3912
"395",239466,1,0.861,0.4637,0.6544,0.4313,0.861,0.4637,0.6544,0.4313
"396",240764,0,0.8802,0.4891,0.677,0.4458,0.8802,0.4891,0.677,0.4458
"397",241193,0,0.3141,0.3324,0.5249,0.2388,0.3141,0.3324,0.5249,0.2388
"398",241446,0,0.2707,0.3786,0.5755,0.2222,0.2707,0.3786,0.5755,0.2222
"399",241559,0,0.1823,0.3338,0.527,0.238,0.1823,0.3338,0.527,0.238
"400",241860,0,0.9537,0.5979,0.7694,0.5979,0.9537,0.5979,0.7694,0.5979
"401",241930,0,0.6294,0.4787,0.6734,0.3004,0.6294,0.4787,0.6734,0.3004
"402",242291,1,0.8005,0.5549,0.74,0.3483,0.8005,0.5549,0.74,0.3483
"403",242368,0,0.7457,0.48,0.6739,0.3378,0.7457,0.48,0.6739,0.3378
"404",242545,1,0.9285,0.5079,0.693,0.4496,0.9285,0.5079,0.693,0.4496
"405",243591,0,0.8689,0.581,0.7554,0.4804,0.8689,0.581,0.7554,0.4804
"406",24457,1,0.7271,0.4369,0.6303,0.3273,0.7271,0.4369,0.6303,0.3273
"407",244773,0,0.8823,0.5691,0.7431,0.4815,0.8823,0.5691,0.7431,0.4815
"408",244894,0,0.9487,0.5911,0.7582,0.5429,0.9487,0.5911,0.7582,0.5429
"409",246280,0,0.6275,0.4283,0.6274,0.2956,0.6275,0.4283,0.6274,0.2956
"410",246350,0,0.3258,0.3756,0.5695,0.2077,0.3258,0.3756,0.5695,0.2077
"411",246384,0,0.629,0.4177,0.616,0.2563,0.629,0.4177,0.616,0.2563
"412",246525,0,0.7457,0.4606,0.6541,0.2974,0.7457,0.4606,0.6541,0.2974
"413",246529,1,0.9299,0.5864,0.7608,0.5864,0.9299,0.5864,0.7608,0.5864
"414",246662,1,0.7549,0.4738,0.6684,0.3457,0.7549,0.4738,0.6684,0.3457
"415",247238,1,0.6526,0.3855,0.5784,0.3303,0.6526,0.3855,0.5784,0.3303
"416",247305,0,0.916,0.6157,0.7818,0.5636,0.916,0.6157,0.7818,0.5636
"417",247625,0,0.8884,0.4102,0.6046,0.3363,0.8884,0.4102,0.6046,0.3363
"418",24768,0,0.3818,0.3996,0.5964,0.2164,0.3818,0.3996,0.5964,0.2164
"419",248227,1,0.7659,0.4991,0.6868,0.3546,0.7659,0.4991,0.6868,0.3546
"420",248488,1,0.8568,0.57,0.7468,0.4746,0.8568,0.57,0.7468,0.4746
"421",248707,0,0.8859,0.4663,0.6589,0.4294,0.8859,0.4663,0.6589,0.4294
"422",249432,0,0.6253,0.442,0.6395,0.2859,0.6253,0.442,0.6395,0.2859
"423",249903,0,0.6007,0.4211,0.6197,0.2902,0.6007,0.4211,0.6197,0.2902
"424",249993,0,0.7989,0.4173,0.6163,0.3967,0.7989,0.4173,0.6163,0.3967
"425",250346,1,0.7067,0.48,0.6725,0.329,0.7067,0.48,0.6725,0.329
"426",250796,0,0.7761,0.2514,0.4296,0.238,0.7761,0.2514,0.4296,0.238
"427",251092,0,1,1,1,1,1,1,1,1
"428",252779,1,0.8439,0.5173,0.7022,0.3784,0.8439,0.5173,0.7022,0.3784
"429",252825,0,0.6783,0.3443,0.5399,0.3443,0.6783,0.3443,0.5399,0.3443
"430",252898,1,0.908,0.6052,0.7734,0.6052,0.908,0.6052,0.7734,0.6052
"431",252924,0,0.2181,0.3501,0.5442,0.2047,0.2181,0.3501,0.5442,0.2047
"432",253312,0,0.5499,0.3729,0.5651,0.3729,0.5499,0.3729,0.5651,0.3729
"433",253963,1,0.7404,0.4893,0.6822,0.3178,0.7404,0.4893,0.6822,0.3178
"434",254511,1,0.5969,0.373,0.5691,0.2613,0.5969,0.373,0.5691,0.2613
"435",254669,0,0.6575,0.4511,0.6477,0.2933,0.6575,0.4511,0.6477,0.2933
"436",254704,0,0.8371,0.515,0.7008,0.4443,0.8371,0.515,0.7008,0.4443
"437",255096,1,0.7903,0.536,0.7206,0.5105,0.7903,0.536,0.7206,0.5105
"438",255899,0,0.6586,0.4109,0.6034,0.3328,0.6586,0.4109,0.6034,0.3328
"439",255976,1,1,1,1,1,1,1,1,1
"440",256270,0,1,1,1,1,1,1,1,1
"441",256881,0,0.3885,0.3539,0.5515,0.2038,0.3885,0.3539,0.5515,0.2038
"442",256985,1,0.9361,0.5353,0.7206,0.483,0.9361,0.5353,0.7206,0.483
"443",257162,0,0.6352,0.466,0.6576,0.2915,0.6352,0.466,0.6576,0.2915
"444",25730,0,0.482,0.434,0.6279,0.2392,0.482,0.434,0.6279,0.2392
"445",257497,0,0.5259,0.4032,0.6013,0.3002,0.5259,0.4032,0.6013,0.3002
"446",257839,1,1,1,1,1,1,1,1,1
"447",257871,0,0.9027,0.5153,0.704,0.4856,0.9027,0.5153,0.704,0.4856
"448",257983,1,0.5557,0.3733,0.5722,0.2912,0.5557,0.3733,0.5722,0.2912
"449",259147,0,0.7122,0.5316,0.7137,0.3546,0.7122,0.5316,0.7137,0.3546
"450",259775,1,1,1,1,1,1,1,1,1
"451",260690,0,0.7046,0.4823,0.6723,0.346,0.7046,0.4823,0.6723,0.346
"452",261162,0,0.9104,0.671,0.8192,0.671,0.9104,0.671,0.8192,0.671
"453",261204,0,0.3316,0.3704,0.5682,0.2294,0.3316,0.3704,0.5682,0.2294
"454",261830,0,0.9385,0.5281,0.71,0.5281,0.9385,0.5281,0.71,0.5281
"455",262334,1,0.9489,0.7109,0.8482,0.7109,0.9489,0.7109,0.8482,0.7109
"456",262430,0,0.1248,0.2347,0.4066,0.2018,0.1248,0.2347,0.4066,0.2018
"457",262731,0,0.1639,0.3217,0.5164,0.2626,0.1639,0.3217,0.5164,0.2626
"458",263068,0,0.862,0.5117,0.697,0.4318,0.862,0.5117,0.697,0.4318
"459",263354,1,0.6584,0.488,0.6787,0.3043,0.6584,0.488,0.6787,0.3043
"460",263606,0,0.9821,0.7789,0.8848,0.7051,0.9821,0.7789,0.8848,0.7051
"461",263934,1,0.7701,0.4719,0.6632,0.3235,0.7701,0.4719,0.6632,0.3235
"462",265328,1,1,1,1,1,1,1,1,1
"463",265515,0,0.1861,0.3098,0.4947,0.2089,0.1861,0.3098,0.4947,0.2089
"464",265767,0,0.2968,0.3601,0.5564,0.2383,0.2968,0.3601,0.5564,0.2383
"465",265799,0,0.7527,0.4576,0.6519,0.3822,0.7527,0.4576,0.6519,0.3822
"466",265801,0,0.9332,0.684,0.8274,0.6506,0.9332,0.684,0.8274,0.6506
"467",266012,0,0.1951,0.3232,0.5126,0.2185,0.1951,0.3232,0.5126,0.2185
"468",266176,1,0.5858,0.4619,0.6561,0.345,0.5858,0.4619,0.6561,0.345
"469",266357,1,0.8342,0.5699,0.7447,0.4145,0.8342,0.5699,0.7447,0.4145
"470",266562,0,0.6678,0.4898,0.6764,0.2679,0.6678,0.4898,0.6764,0.2679
"471",266671,1,1,1,1,1,1,1,1,1
"472",266737,1,0.4712,0.3531,0.5403,0.2615,0.4712,0.3531,0.5403,0.2615
"473",268508,1,0.7907,0.4521,0.6482,0.3881,0.7907,0.4521,0.6482,0.3881
"474",26920,0,0.6351,0.4127,0.6058,0.2508,0.6351,0.4127,0.6058,0.2508
"475",269397,0,0.7473,0.4271,0.625,0.3673,0.7473,0.4271,0.625,0.3673
"476",269911,1,0.848,0.5114,0.6996,0.4191,0.848,0.5114,0.6996,0.4191
"477",270061,1,0.8954,0.5625,0.7359,0.3717,0.8954,0.5625,0.7359,0.3717
"478",270402,0,0.6758,0.526,0.7085,0.284,0.6758,0.526,0.7085,0.284
"479",270919,0,0.3266,0.3411,0.5375,0.2233,0.3266,0.3411,0.5375,0.2233
"480",271343,1,1,1,1,1,1,1,1,1
"481",271380,1,0.7944,0.4247,0.6207,0.3418,0.7944,0.4247,0.6207,0.3418
"482",271439,1,0.9659,0.6802,0.826,0.6446,0.9659,0.6802,0.826,0.6446
"483",271617,0,1,1,1,1,1,1,1,1
"484",27166,0,0.8262,0.5382,0.7238,0.3331,0.8262,0.5382,0.7238,0.3331
"485",272255,1,0.7513,0.5165,0.7038,0.3185,0.7513,0.5165,0.7038,0.3185
"486",272261,0,0.726,0.5125,0.7023,0.3459,0.726,0.5125,0.7023,0.3459
"487",27230,1,1,1,1,1,1,1,1,1
"488",272746,0,0.9384,0.6004,0.7683,0.5458,0.9384,0.6004,0.7683,0.5458
"489",272965,1,0.8854,0.5006,0.6914,0.4594,0.8854,0.5006,0.6914,0.4594
"490",273167,1,0.9044,0.5063,0.6957,0.3782,0.9044,0.5063,0.6957,0.3782
"491",273330,1,0.9144,0.5414,0.7236,0.4852,0.9144,0.5414,0.7236,0.4852
"492",273333,1,0.7055,0.511,0.6998,0.4348,0.7055,0.511,0.6998,0.4348
"493",273501,0,0.8762,0.5821,0.7557,0.4515,0.8762,0.5821,0.7557,0.4515
"494",273509,1,0.698,0.5051,0.6934,0.3075,0.698,0.5051,0.6934,0.3075
"495",273648,1,0.844,0.4556,0.6483,0.3845,0.844,0.4556,0.6483,0.3845
"496",273805,0,0.3571,0.4077,0.6057,0.2281,0.3571,0.4077,0.6057,0.2281
"497",273852,1,0.7172,0.4961,0.6866,0.3104,0.7172,0.4961,0.6866,0.3104
"498",274237,0,0.4804,0.3857,0.5849,0.2509,0.4804,0.3857,0.5849,0.2509
"499",274442,0,0.9941,0.8421,0.9219,0.8421,0.9941,0.8421,0.9219,0.8421
"500",274865,0,0.7691,0.4419,0.6384,0.3159,0.7691,0.4419,0.6384,0.3159
"501",275018,0,0.821,0.5203,0.7044,0.4468,0.821,0.5203,0.7044,0.4468
"502",275776,1,0.7392,0.4148,0.6146,0.2897,0.7392,0.4148,0.6146,0.2897
"503",275786,0,0.7852,0.5619,0.736,0.3903,0.7852,0.5619,0.736,0.3903
"504",275818,0,0.9265,0.6672,0.816,0.6672,0.9265,0.6672,0.816,0.6672
"505",27598,1,0.9313,0.5585,0.7372,0.5585,0.9313,0.5585,0.7372,0.5585
"506",27619,1,0.8233,0.5117,0.6987,0.4302,0.8233,0.5117,0.6987,0.4302
"507",276236,0,0.2222,0.3608,0.5563,0.2193,0.2222,0.3608,0.5563,0.2193
"508",276401,1,0.6963,0.426,0.6204,0.3303,0.6963,0.426,0.6204,0.3303
"509",277358,1,0.77,0.439,0.6242,0.3663,0.77,0.439,0.6242,0.3663
"510",277385,1,0.605,0.4759,0.6686,0.2966,0.605,0.4759,0.6686,0.2966
"511",277504,1,0.8501,0.5227,0.7118,0.4068,0.8501,0.5227,0.7118,0.4068
"512",277959,0,0.308,0.3815,0.5796,0.2293,0.308,0.3815,0.5796,0.2293
"513",278060,0,0.9797,0.7406,0.866,0.6727,0.9797,0.7406,0.866,0.6727
"514",279680,1,0.8318,0.5554,0.7335,0.4885,0.8318,0.5554,0.7335,0.4885
"515",279696,0,0.6889,0.4372,0.6347,0.2788,0.6889,0.4372,0.6347,0.2788
"516",279795,1,0.7958,0.5362,0.7142,0.3873,0.7958,0.5362,0.7142,0.3873
"517",280802,0,0.5832,0.3532,0.5441,0.254,0.5832,0.3532,0.5441,0.254
"518",28100,0,0.2687,0.3813,0.5812,0.237,0.2687,0.3813,0.5812,0.237
"519",281029,1,0.7994,0.4933,0.6826,0.472,0.7994,0.4933,0.6826,0.472
"520",281304,1,0.834,0.5283,0.7107,0.4,0.834,0.5283,0.7107,0.4
"521",281432,0,0.8588,0.4621,0.6544,0.4209,0.8588,0.4621,0.6544,0.4209
"522",282453,0,0.7985,0.4804,0.6672,0.4804,0.7985,0.4804,0.6672,0.4804
"523",282717,0,0.8691,0.4988,0.6877,0.4988,0.8691,0.4988,0.6877,0.4988
"524",283363,0,0.6895,0.4707,0.6615,0.3586,0.6895,0.4707,0.6615,0.3586
"525",283524,0,0.3205,0.2368,0.4069,0.2368,0.3205,0.2368,0.4069,0.2368
"526",283659,0,0.657,0.4395,0.6311,0.287,0.657,0.4395,0.6311,0.287
"527",283801,0,0.7609,0.5453,0.7269,0.3347,0.7609,0.5453,0.7269,0.3347
"528",284552,0,0.9078,0.5528,0.734,0.4979,0.9078,0.5528,0.734,0.4979
"529",285570,0,0.8724,0.5236,0.7109,0.5236,0.8724,0.5236,0.7109,0.5236
"530",285736,1,0.7652,0.5167,0.7005,0.421,0.7652,0.5167,0.7005,0.421
"531",285815,1,0.7725,0.5355,0.7207,0.3998,0.7725,0.5355,0.7207,0.3998
"532",286689,1,0.828,0.4899,0.6832,0.4199,0.828,0.4899,0.6832,0.4199
"533",287087,0,0.2133,0.3424,0.5356,0.2251,0.2133,0.3424,0.5356,0.2251
"534",287128,0,0.3407,0.4044,0.6049,0.2296,0.3407,0.4044,0.6049,0.2296
"535",287732,0,0.9719,0.6334,0.7976,0.6334,0.9719,0.6334,0.7976,0.6334
"536",289182,1,0.8568,0.5847,0.757,0.4118,0.8568,0.5847,0.757,0.4118
"537",289797,0,0.8505,0.5378,0.716,0.3899,0.8505,0.5378,0.716,0.3899
"538",290202,0,1,1,1,1,1,1,1,1
"539",290580,0,0.5137,0.3899,0.5873,0.2387,0.5137,0.3899,0.5873,0.2387
"540",290851,1,0.9008,0.5677,0.748,0.4978,0.9008,0.5677,0.748,0.4978
"541",291504,0,0.7345,0.4879,0.6828,0.4509,0.7345,0.4879,0.6828,0.4509
"542",291760,1,0.7309,0.505,0.6934,0.4307,0.7309,0.505,0.6934,0.4307
"543",291815,0,0.8415,0.5583,0.7355,0.4326,0.8415,0.5583,0.7355,0.4326
"544",291914,0,0.9722,0.7626,0.8774,0.6925,0.9722,0.7626,0.8774,0.6925
"545",292091,0,0.5885,0.3645,0.5599,0.2895,0.5885,0.3645,0.5599,0.2895
"546",29240,0,1,1,1,1,1,1,1,1
"547",292678,0,0.7317,0.4959,0.6874,0.3666,0.7317,0.4959,0.6874,0.3666
"548",292786,0,0.1852,0.3024,0.4889,0.2139,0.1852,0.3024,0.4889,0.2139
"549",292925,0,0.542,0.3428,0.5374,0.2633,0.542,0.3428,0.5374,0.2633
"550",293207,1,0.9126,0.6144,0.7827,0.5025,0.9126,0.6144,0.7827,0.5025
"551",295335,1,0.7956,0.5322,0.7159,0.4057,0.7956,0.5322,0.7159,0.4057
"552",296161,1,0.9658,0.5874,0.7584,0.5874,0.9658,0.5874,0.7584,0.5874
"553",29673,0,0.6441,0.4703,0.6595,0.3119,0.6441,0.4703,0.6595,0.3119
"554",296889,0,0.5143,0.3791,0.5753,0.2662,0.5143,0.3791,0.5753,0.2662
"555",297611,1,1,1,1,1,1,1,1,1
"556",297699,0,0.3762,0.3871,0.5865,0.2357,0.3762,0.3871,0.5865,0.2357
"557",298379,0,0.6967,0.4247,0.6237,0.3265,0.6967,0.4247,0.6237,0.3265
"558",298510,1,0.7654,0.4878,0.6755,0.4878,0.7654,0.4878,0.6755,0.4878
"559",298759,0,0.449,0.4393,0.6364,0.2536,0.449,0.4393,0.6364,0.2536
"560",299125,0,0.3024,0.35,0.5449,0.2186,0.3024,0.35,0.5449,0.2186
"561",299308,1,0.9057,0.5582,0.7344,0.4321,0.9057,0.5582,0.7344,0.4321
"562",299498,1,0.9209,0.5398,0.7187,0.436,0.9209,0.5398,0.7187,0.436
"563",299972,1,0.8142,0.4376,0.6335,0.3549,0.8142,0.4376,0.6335,0.3549
"564",300571,1,0.825,0.4803,0.6711,0.4088,0.825,0.4803,0.6711,0.4088
"565",300683,0,0.7376,0.4195,0.6181,0.3306,0.7376,0.4195,0.6181,0.3306
"566",300719,1,0.797,0.4509,0.646,0.3036,0.797,0.4509,0.646,0.3036
"567",301010,1,0.687,0.4381,0.6291,0.3419,0.687,0.4381,0.6291,0.3419
"568",301055,0,0.7128,0.4629,0.6566,0.32,0.7128,0.4629,0.6566,0.32
"569",301065,0,0.8666,0.5634,0.7393,0.4662,0.8666,0.5634,0.7393,0.4662
"570",301635,1,0.9209,0.5927,0.7647,0.457,0.9209,0.5927,0.7647,0.457
"571",3020,1,0.7334,0.4567,0.6495,0.3643,0.7334,0.4567,0.6495,0.3643
"572",30205,0,0.7539,0.4792,0.6679,0.388,0.7539,0.4792,0.6679,0.388
"573",302212,0,1,1,1,1,1,1,1,1
"574",302254,0,0.3055,0.2579,0.4364,0.2579,0.3055,0.2579,0.4364,0.2579
"575",302545,0,1,1,1,1,1,1,1,1
"576",302672,0,0.739,0.4193,0.617,0.3551,0.739,0.4193,0.617,0.3551
"577",303327,1,0.7795,0.4821,0.6709,0.3533,0.7795,0.4821,0.6709,0.3533
"578",303609,1,0.9279,0.4941,0.6869,0.4121,0.9279,0.4941,0.6869,0.4121
"579",304149,0,0.7567,0.5069,0.6911,0.3846,0.7567,0.5069,0.6911,0.3846
"580",304811,0,0.1466,0.316,0.5021,0.2061,0.1466,0.316,0.5021,0.2061
"581",304956,0,0.4563,0.4468,0.6406,0.2659,0.4563,0.4468,0.6406,0.2659
"582",305016,0,0.9897,0.7794,0.8846,0.6809,0.9897,0.7794,0.8846,0.6809
"583",305483,0,0.5368,0.3898,0.5861,0.273,0.5368,0.3898,0.5861,0.273
"584",305844,0,0.7855,0.4955,0.6862,0.3354,0.7855,0.4955,0.6862,0.3354
"585",306021,1,1,1,1,1,1,1,1,1
"586",306059,0,0.4795,0.4237,0.6175,0.2684,0.4795,0.4237,0.6175,0.2684
"587",306320,1,0.7706,0.4824,0.6735,0.315,0.7706,0.4824,0.6735,0.315
"588",3070,0,0.7277,0.423,0.6163,0.2789,0.7277,0.423,0.6163,0.2789
"589",307058,0,0.7315,0.4802,0.6708,0.3005,0.7315,0.4802,0.6708,0.3005
"590",308068,1,0.8517,0.5277,0.7098,0.3747,0.8517,0.5277,0.7098,0.3747
"591",308079,0,0.2702,0.3501,0.5461,0.2458,0.2702,0.3501,0.5461,0.2458
"592",308453,1,1,1,1,1,1,1,1,1
"593",310239,0,0.9703,0.7628,0.8759,0.7036,0.9703,0.7628,0.8759,0.7036
"594",310383,1,0.7513,0.4839,0.6783,0.3293,0.7513,0.4839,0.6783,0.3293
"595",310580,1,0.8321,0.4743,0.6693,0.3424,0.8321,0.4743,0.6693,0.3424
"596",310940,1,0.7581,0.4935,0.6824,0.3074,0.7581,0.4935,0.6824,0.3074
"597",310989,1,0.9731,0.6949,0.8329,0.6367,0.9731,0.6949,0.8329,0.6367
"598",311018,0,0.779,0.519,0.7063,0.3583,0.779,0.519,0.7063,0.3583
"599",31102,1,0.8624,0.5224,0.709,0.4285,0.8624,0.5224,0.709,0.4285
"600",311044,0,0.6635,0.4633,0.6546,0.3241,0.6635,0.4633,0.6546,0.3241
"601",311089,1,0.8517,0.6108,0.7762,0.44,0.8517,0.6108,0.7762,0.44
"602",311455,1,1,1,1,1,1,1,1,1
"603",312074,0,0.6255,0.5048,0.6938,0.2737,0.6255,0.5048,0.6938,0.2737
"604",312106,0,0.661,0.4623,0.6532,0.3401,0.661,0.4623,0.6532,0.3401
"605",312871,1,0.6955,0.4359,0.6242,0.3359,0.6955,0.4359,0.6242,0.3359
"606",312915,1,0.7419,0.367,0.5633,0.3046,0.7419,0.367,0.5633,0.3046
"607",313879,0,0.7407,0.434,0.6273,0.3174,0.7407,0.434,0.6273,0.3174
"608",314664,1,0.9168,0.552,0.7252,0.4196,0.9168,0.552,0.7252,0.4196
"609",31535,0,0.8348,0.4379,0.6325,0.3678,0.8348,0.4379,0.6325,0.3678
"610",315533,0,0.9546,0.6769,0.8217,0.6252,0.9546,0.6769,0.8217,0.6252
"611",315761,0,0.7734,0.5505,0.7297,0.4227,0.7734,0.5505,0.7297,0.4227
"612",315860,0,0.7299,0.4242,0.6238,0.2792,0.7299,0.4242,0.6238,0.2792
"613",316878,0,0.1667,0.3256,0.518,0.2002,0.1667,0.3256,0.518,0.2002
"614",316889,0,0.7092,0.4437,0.6357,0.2892,0.7092,0.4437,0.6357,0.2892
"615",317197,0,0.2239,0.3226,0.5143,0.2166,0.2239,0.3226,0.5143,0.2166
"616",317253,0,0.3892,0.2445,0.4184,0.201,0.3892,0.2445,0.4184,0.201
"617",317504,1,1,1,1,1,1,1,1,1
"618",317854,0,0.5126,0.3107,0.495,0.3107,0.5126,0.3107,0.495,0.3107
"619",317911,1,0.7591,0.5233,0.701,0.3773,0.7591,0.5233,0.701,0.3773
"620",318226,0,0.4144,0.4329,0.6271,0.2499,0.4144,0.4329,0.6271,0.2499
"621",318275,0,0.7863,0.4668,0.6587,0.3303,0.7863,0.4668,0.6587,0.3303
"622",319235,0,0.6332,0.487,0.6752,0.2797,0.6332,0.487,0.6752,0.2797
"623",319382,0,0.6427,0.4375,0.6315,0.2879,0.6427,0.4375,0.6315,0.2879
"624",319503,1,0.9136,0.4983,0.6878,0.4143,0.9136,0.4983,0.6878,0.4143
"625",319601,0,0.5623,0.4017,0.5936,0.3017,0.5623,0.4017,0.5936,0.3017
"626",319854,0,0.2968,0.3302,0.5275,0.2181,0.2968,0.3302,0.5275,0.2181
"627",320235,0,0.2817,0.3622,0.5549,0.2155,0.2817,0.3622,0.5549,0.2155
"628",321075,1,0.8399,0.4984,0.6841,0.3629,0.8399,0.4984,0.6841,0.3629
"629",321370,1,1,1,1,1,1,1,1,1
"630",321617,0,0.9425,0.6866,0.8303,0.6866,0.9425,0.6866,0.8303,0.6866
"631",321703,1,0.9248,0.6936,0.832,0.6936,0.9248,0.6936,0.832,0.6936
"632",321962,0,1,1,1,1,1,1,1,1
"633",322738,0,0.7317,0.5139,0.6978,0.2814,0.7317,0.5139,0.6978,0.2814
"634",322898,1,0.6675,0.4517,0.6511,0.3807,0.6675,0.4517,0.6511,0.3807
"635",322931,0,1,1,1,1,1,1,1,1
"636",322978,1,0.8945,0.5949,0.7677,0.4262,0.8945,0.5949,0.7677,0.4262
"637",324043,1,0.8357,0.581,0.7508,0.4208,0.8357,0.581,0.7508,0.4208
"638",32460,1,0.6511,0.4833,0.6727,0.3575,0.6511,0.4833,0.6727,0.3575
"639",325244,0,0.8701,0.4759,0.6689,0.4395,0.8701,0.4759,0.6689,0.4395
"640",325482,0,0.5956,0.4983,0.6877,0.2511,0.5956,0.4983,0.6877,0.2511
"641",325767,0,0.7782,0.4312,0.6268,0.3392,0.7782,0.4312,0.6268,0.3392
"642",325772,0,0.7838,0.403,0.6018,0.2824,0.7838,0.403,0.6018,0.2824
"643",32591,0,0.6426,0.4453,0.6405,0.2513,0.6426,0.4453,0.6405,0.2513
"644",326293,0,0.2563,0.3456,0.5393,0.217,0.2563,0.3456,0.5393,0.217
"645",326358,0,0.554,0.4113,0.6048,0.2952,0.554,0.4113,0.6048,0.2952
"646",32641,0,0.9687,0.7239,0.8533,0.6635,0.9687,0.7239,0.8533,0.6635
"647",327314,1,0.6064,0.3737,0.5662,0.2838,0.6064,0.3737,0.5662,0.2838
"648",327599,0,0.5907,0.4043,0.5996,0.4043,0.5907,0.4043,0.5996,0.4043
"649",328393,1,0.954,0.6099,0.7799,0.6099,0.954,0.6099,0.7799,0.6099
"650",328412,0,0.3111,0.3643,0.5565,0.2227,0.3111,0.3643,0.5565,0.2227
"651",328434,1,0.795,0.4614,0.6559,0.317,0.795,0.4614,0.6559,0.317
"652",329289,0,0.6687,0.4733,0.6676,0.2632,0.6687,0.4733,0.6676,0.2632
"653",329330,0,0.5762,0.4192,0.6125,0.3005,0.5762,0.4192,0.6125,0.3005
"654",329397,1,0.8167,0.593,0.7633,0.3869,0.8167,0.593,0.7633,0.3869
"655",330516,0,0.7661,0.3977,0.5949,0.2763,0.7661,0.3977,0.5949,0.2763
"656",330662,1,1,1,1,1,1,1,1,1
"657",331883,0,0.6567,0.372,0.5665,0.3012,0.6567,0.372,0.5665,0.3012
"658",332431,0,0.8515,0.5173,0.7009,0.4623,0.8515,0.5173,0.7009,0.4623
"659",333282,1,0.9351,0.6264,0.7883,0.5148,0.9351,0.6264,0.7883,0.5148
"660",33340,0,0.5986,0.474,0.6649,0.316,0.5986,0.474,0.6649,0.316
"661",334206,0,0.5537,0.3618,0.5592,0.2894,0.5537,0.3618,0.5592,0.2894
"662",334796,0,0.8494,0.4546,0.6457,0.4546,0.8494,0.4546,0.6457,0.4546
"663",335318,1,1,1,1,1,1,1,1,1
"664",335402,1,0.9304,0.6702,0.8181,0.6702,0.9304,0.6702,0.8181,0.6702
"665",336812,0,0.9011,0.6084,0.7763,0.6084,0.9011,0.6084,0.7763,0.6084
"666",336992,1,0.8578,0.3763,0.571,0.3138,0.8578,0.3763,0.571,0.3138
"667",33986,1,0.462,0.3719,0.5679,0.3067,0.462,0.3719,0.5679,0.3067
"668",339871,1,0.9231,0.5967,0.7678,0.5567,0.9231,0.5967,0.7678,0.5567
"669",340028,1,0.8668,0.6112,0.7752,0.454,0.8668,0.6112,0.7752,0.454
"670",340396,1,0.8833,0.5706,0.7484,0.399,0.8833,0.5706,0.7484,0.399
"671",341409,1,0.872,0.5984,0.7681,0.5089,0.872,0.5984,0.7681,0.5089
"672",34142,0,0.6383,0.3382,0.5244,0.2892,0.6383,0.3382,0.5244,0.2892
"673",341457,1,1,1,1,1,1,1,1,1
"674",342402,0,0.5139,0.2581,0.4334,0.2257,0.5139,0.2581,0.4334,0.2257
"675",342729,1,0.9717,0.6418,0.7977,0.5584,0.9717,0.6418,0.7977,0.5584
"676",343044,1,0.9231,0.5729,0.7482,0.4744,0.9231,0.5729,0.7482,0.4744
"677",343407,0,0.901,0.5674,0.7426,0.5134,0.901,0.5674,0.7426,0.5134
"678",34353,1,0.7462,0.4983,0.6852,0.4267,0.7462,0.4983,0.6852,0.4267
"679",343577,0,0.714,0.416,0.6079,0.3088,0.714,0.416,0.6079,0.3088
"680",344106,0,0.8824,0.5493,0.7293,0.4576,0.8824,0.5493,0.7293,0.4576
"681",344153,0,0.6523,0.4411,0.6402,0.3377,0.6523,0.4411,0.6402,0.3377
"682",344299,1,0.9043,0.4866,0.6788,0.4425,0.9043,0.4866,0.6788,0.4425
"683",344504,0,0.2497,0.3003,0.4879,0.2048,0.2497,0.3003,0.4879,0.2048
"684",344553,0,0.8481,0.5168,0.6998,0.3939,0.8481,0.5168,0.6998,0.3939
"685",345009,0,0.9146,0.5334,0.718,0.4844,0.9146,0.5334,0.718,0.4844
"686",345655,1,0.8605,0.6223,0.7815,0.4184,0.8605,0.6223,0.7815,0.4184
"687",345915,1,0.8855,0.6004,0.7676,0.4895,0.8855,0.6004,0.7676,0.4895
"688",346286,1,0.7821,0.5028,0.6898,0.4223,0.7821,0.5028,0.6898,0.4223
"689",346336,0,0.8113,0.5325,0.7151,0.3759,0.8113,0.5325,0.7151,0.3759
"690",346555,1,0.8599,0.5213,0.7101,0.4273,0.8599,0.5213,0.7101,0.4273
"691",346709,0,0.9099,0.6517,0.805,0.5248,0.9099,0.6517,0.805,0.5248
"692",346962,0,0.8208,0.5365,0.7128,0.3946,0.8208,0.5365,0.7128,0.3946
"693",348730,1,0.8391,0.5444,0.7285,0.4479,0.8391,0.5444,0.7285,0.4479
"694",349086,0,1,1,1,1,1,1,1,1
"695",349926,0,0.7244,0.5286,0.7119,0.2915,0.7244,0.5286,0.7119,0.2915
"696",350389,0,0.8519,0.4514,0.647,0.3688,0.8519,0.4514,0.647,0.3688
"697",350391,0,0.4452,0.3508,0.5496,0.2686,0.4452,0.3508,0.5496,0.2686
"698",351279,0,0.9219,0.5755,0.7501,0.4662,0.9219,0.5755,0.7501,0.4662
"699",351477,0,0.5658,0.443,0.632,0.328,0.5658,0.443,0.632,0.328
"700",352345,1,0.7577,0.4843,0.6741,0.3685,0.7577,0.4843,0.6741,0.3685
"701",352732,0,0.7062,0.5028,0.6943,0.3378,0.7062,0.5028,0.6943,0.3378
"702",352785,0,0.4815,0.389,0.5859,0.2651,0.4815,0.389,0.5859,0.2651
"703",354109,0,0.2857,0.3644,0.5602,0.2161,0.2857,0.3644,0.5602,0.2161
"704",354530,1,0.8082,0.5249,0.7157,0.3563,0.8082,0.5249,0.7157,0.3563
"705",354650,0,0.7132,0.4106,0.6063,0.312,0.7132,0.4106,0.6063,0.312
"706",355077,1,0.9626,0.6908,0.831,0.6262,0.9626,0.6908,0.831,0.6262
"707",355252,1,0.654,0.3553,0.5498,0.2634,0.654,0.3553,0.5498,0.2634
"708",355412,0,0.2565,0.3623,0.5625,0.2098,0.2565,0.3623,0.5625,0.2098
"709",355500,1,0.6579,0.3175,0.5105,0.2566,0.6579,0.3175,0.5105,0.2566
"710",355532,0,0.7621,0.4423,0.6393,0.3237,0.7621,0.4423,0.6393,0.3237
"711",355604,0,0.7615,0.4499,0.6418,0.3007,0.7615,0.4499,0.6418,0.3007
"712",355914,1,1,1,1,1,1,1,1,1
"713",355928,0,1,1,1,1,1,1,1,1
"714",35630,0,0.741,0.5399,0.7228,0.3805,0.741,0.5399,0.7228,0.3805
"715",356784,1,0.9754,0.6996,0.8396,0.6465,0.9754,0.6996,0.8396,0.6465
"716",357291,1,1,1,1,1,1,1,1,1
"717",357450,0,0.604,0.407,0.6094,0.2816,0.604,0.407,0.6094,0.2816
"718",359455,0,0.7142,0.4778,0.6677,0.3154,0.7142,0.4778,0.6677,0.3154
"719",359651,0,0.7319,0.5263,0.7099,0.362,0.7319,0.5263,0.7099,0.362
"720",360048,1,0.9707,0.706,0.8425,0.648,0.9707,0.706,0.8425,0.648
"721",360054,0,0.5834,0.416,0.6091,0.2697,0.5834,0.416,0.6091,0.2697
"722",360192,0,1,1,1,1,1,1,1,1
"723",361369,0,0.7292,0.4812,0.6734,0.3092,0.7292,0.4812,0.6734,0.3092
"724",361429,0,0.2561,0.2907,0.4733,0.2261,0.2561,0.2907,0.4733,0.2261
"725",361690,1,0.9359,0.6429,0.7966,0.5128,0.9359,0.6429,0.7966,0.5128
"726",36209,0,0.8246,0.5236,0.7098,0.3145,0.8246,0.5236,0.7098,0.3145
"727",362148,1,0.8461,0.432,0.6268,0.432,0.8461,0.432,0.6268,0.432
"728",362620,0,0.2191,0.3408,0.535,0.2106,0.2191,0.3408,0.535,0.2106
"729",362720,0,0.7642,0.5104,0.7019,0.3129,0.7642,0.5104,0.7019,0.3129
"730",363201,0,0.664,0.41,0.605,0.3391,0.664,0.41,0.605,0.3391
"731",363250,0,0.6958,0.4403,0.6361,0.3019,0.6958,0.4403,0.6361,0.3019
"732",363259,1,1,1,1,1,1,1,1,1
"733",363567,0,0.8195,0.5156,0.7003,0.4096,0.8195,0.5156,0.7003,0.4096
"734",364666,0,0.7655,0.494,0.6865,0.3077,0.7655,0.494,0.6865,0.3077
"735",36492,0,0.8985,0.5986,0.7674,0.4819,0.8985,0.5986,0.7674,0.4819
"736",364958,0,0.9425,0.593,0.764,0.5157,0.9425,0.593,0.764,0.5157
"737",365308,1,0.9018,0.4912,0.6803,0.4583,0.9018,0.4912,0.6803,0.4583
"738",365355,0,0.3584,0.3694,0.5654,0.2114,0.3584,0.3694,0.5654,0.2114
"739",365603,0,0.1817,0.2986,0.4902,0.1876,0.1817,0.2986,0.4902,0.1876
"740",365991,1,0.9587,0.5919,0.7641,0.5305,0.9587,0.5919,0.7641,0.5305
"741",366286,0,0.8153,0.5606,0.74,0.3423,0.8153,0.5606,0.74,0.3423
"742",36644,1,1,1,1,1,1,1,1,1
"743",366978,1,0.5352,0.369,0.5704,0.3226,0.5352,0.369,0.5704,0.3226
"744",367355,1,0.914,0.5713,0.7496,0.5713,0.914,0.5713,0.7496,0.5713
"745",367731,0,0.9177,0.6266,0.7883,0.6266,0.9177,0.6266,0.7883,0.6266
"746",367770,0,0.3453,0.3507,0.5454,0.2264,0.3453,0.3507,0.5454,0.2264
"747",370681,1,1,1,1,1,1,1,1,1
"748",371788,0,1,1,1,1,1,1,1,1
"749",371925,0,0.226,0.3421,0.5386,0.2126,0.226,0.3421,0.5386,0.2126
"750",37210,1,0.9354,0.505,0.6955,0.4548,0.9354,0.505,0.6955,0.4548
"751",372149,0,0.5543,0.4257,0.6207,0.2176,0.5543,0.4257,0.6207,0.2176
"752",373006,0,0.646,0.3324,0.5263,0.2844,0.646,0.3324,0.5263,0.2844
"753",37305,0,0.1902,0.3551,0.5536,0.2316,0.1902,0.3551,0.5536,0.2316
"754",373100,1,0.7239,0.4579,0.6556,0.2903,0.7239,0.4579,0.6556,0.2903
"755",373192,1,0.782,0.4497,0.6455,0.361,0.782,0.4497,0.6455,0.361
"756",373922,0,0.64,0.4334,0.6302,0.2928,0.64,0.4334,0.6302,0.2928
"757",373995,0,0.2009,0.3483,0.5405,0.2094,0.2009,0.3483,0.5405,0.2094
"758",374423,1,0.7923,0.5265,0.7111,0.4402,0.7923,0.5265,0.7111,0.4402
"759",375047,0,0.8809,0.3718,0.5715,0.3718,0.8809,0.3718,0.5715,0.3718
"760",375257,1,0.8971,0.6138,0.7792,0.6138,0.8971,0.6138,0.7792,0.6138
"761",376589,1,0.9069,0.5497,0.7274,0.4991,0.9069,0.5497,0.7274,0.4991
"762",376970,1,0.7866,0.5189,0.7086,0.3722,0.7866,0.5189,0.7086,0.3722
"763",377610,1,0.8344,0.463,0.6603,0.4349,0.8344,0.463,0.6603,0.4349
"764",379557,0,0.8764,0.4412,0.6356,0.4077,0.8764,0.4412,0.6356,0.4077
"765",380054,0,0.4933,0.4521,0.6363,0.2502,0.4933,0.4521,0.6363,0.2502
"766",380265,1,1,1,1,1,1,1,1,1
"767",380465,1,1,1,1,1,1,1,1,1
"768",380595,1,1,1,1,1,1,1,1,1
"769",380742,0,0.3429,0.4003,0.5978,0.2331,0.3429,0.4003,0.5978,0.2331
"770",380989,0,0.6546,0.4931,0.6851,0.2992,0.6546,0.4931,0.6851,0.2992
"771",382400,0,0.8824,0.5854,0.7602,0.4285,0.8824,0.5854,0.7602,0.4285
"772",382619,0,0.5247,0.4367,0.6287,0.2424,0.5247,0.4367,0.6287,0.2424
"773",382733,0,0.6966,0.4625,0.6537,0.3062,0.6966,0.4625,0.6537,0.3062
"774",382795,0,0.6862,0.3678,0.5625,0.2873,0.6862,0.3678,0.5625,0.2873
"775",382806,0,0.677,0.3869,0.5857,0.287,0.677,0.3869,0.5857,0.287
"776",382833,0,0.7537,0.4852,0.6793,0.3648,0.7537,0.4852,0.6793,0.3648
"777",383043,0,0.7901,0.5125,0.7039,0.4425,0.7901,0.5125,0.7039,0.4425
"778",383230,0,0.9303,0.6565,0.8069,0.6194,0.9303,0.6565,0.8069,0.6194
"779",383247,1,0.8795,0.5735,0.7489,0.4367,0.8795,0.5735,0.7489,0.4367
"780",383397,1,0.8502,0.5418,0.723,0.4593,0.8502,0.5418,0.723,0.4593
"781",383427,0,0.5875,0.413,0.6078,0.2741,0.5875,0.413,0.6078,0.2741
"782",384433,0,0.1736,0.2989,0.4861,0.2019,0.1736,0.2989,0.4861,0.2019
"783",384439,0,0.6868,0.4325,0.63,0.4325,0.6868,0.4325,0.63,0.4325
"784",385183,1,1,1,1,1,1,1,1,1
"785",385270,0,0.1879,0.2706,0.4479,0.2075,0.1879,0.2706,0.4479,0.2075
"786",3853,1,0.8638,0.5401,0.7187,0.5401,0.8638,0.5401,0.7187,0.5401
"787",38550,1,0.6722,0.3568,0.5477,0.3249,0.6722,0.3568,0.5477,0.3249
"788",38552,0,0.1888,0.3086,0.4959,0.2103,0.1888,0.3086,0.4959,0.2103
"789",3858,1,0.7713,0.3863,0.5867,0.3863,0.7713,0.3863,0.5867,0.3863
"790",386086,0,0.6112,0.4136,0.6051,0.2472,0.6112,0.4136,0.6051,0.2472
"791",386627,0,0.738,0.4426,0.6378,0.2854,0.738,0.4426,0.6378,0.2854
"792",387505,1,0.8934,0.6294,0.7912,0.5261,0.8934,0.6294,0.7912,0.5261
"793",387579,0,0.8214,0.517,0.7005,0.3551,0.8214,0.517,0.7005,0.3551
"794",388300,0,0.6041,0.3851,0.581,0.2957,0.6041,0.3851,0.581,0.2957
"795",390387,1,0.82,0.5188,0.7043,0.4036,0.82,0.5188,0.7043,0.4036
"796",390455,0,0.813,0.5368,0.7214,0.4056,0.813,0.5368,0.7214,0.4056
"797",390556,0,0.5469,0.4151,0.6115,0.3147,0.5469,0.4151,0.6115,0.3147
"798",390945,0,0.8881,0.5705,0.7479,0.3878,0.8881,0.5705,0.7479,0.3878
"799",391145,0,0.8117,0.4858,0.6767,0.4197,0.8117,0.4858,0.6767,0.4197
"800",391308,0,0.9078,0.5599,0.7378,0.5034,0.9078,0.5599,0.7378,0.5034
"801",391567,0,0.773,0.4656,0.6598,0.3054,0.773,0.4656,0.6598,0.3054
"802",391694,0,0.8514,0.4943,0.685,0.4943,0.8514,0.4943,0.685,0.4943
"803",392933,0,0.9163,0.5431,0.7237,0.4898,0.9163,0.5431,0.7237,0.4898
"804",392988,0,0.2491,0.4033,0.5997,0.2418,0.2491,0.4033,0.5997,0.2418
"805",394406,0,0.756,0.5013,0.6862,0.3089,0.756,0.5013,0.6862,0.3089
"806",394741,0,0.8783,0.4697,0.6626,0.386,0.8783,0.4697,0.6626,0.386
"807",394848,0,0.2241,0.21,0.3717,0.1828,0.2241,0.21,0.3717,0.1828
"808",395154,0,0.7264,0.4757,0.6675,0.2719,0.7264,0.4757,0.6675,0.2719
"809",395412,0,0.9718,0.749,0.8692,0.7034,0.9718,0.749,0.8692,0.7034
"810",395794,1,0.7221,0.4773,0.673,0.3971,0.7221,0.4773,0.673,0.3971
"811",396054,0,0.5783,0.3572,0.5526,0.3059,0.5783,0.3572,0.5526,0.3059
"812",396186,1,0.9283,0.4836,0.6763,0.4362,0.9283,0.4836,0.6763,0.4362
"813",396346,1,0.8805,0.5415,0.721,0.5415,0.8805,0.5415,0.721,0.5415
"814",397744,0,0.8994,0.683,0.8272,0.598,0.8994,0.683,0.8272,0.598
"815",398370,0,0.5613,0.4066,0.6072,0.2462,0.5613,0.4066,0.6072,0.2462
"816",398751,0,0.4064,0.3664,0.5605,0.2378,0.4064,0.3664,0.5605,0.2378
"817",398966,0,0.7409,0.4766,0.6681,0.3238,0.7409,0.4766,0.6681,0.3238
"818",399085,0,0.6218,0.5041,0.6926,0.2996,0.6218,0.5041,0.6926,0.2996
"819",399390,0,0.3907,0.4067,0.6041,0.2158,0.3907,0.4067,0.6041,0.2158
"820",400164,0,0.8079,0.4666,0.6548,0.341,0.8079,0.4666,0.6548,0.341
"821",400230,0,0.9754,0.6573,0.8093,0.5687,0.9754,0.6573,0.8093,0.5687
"822",400350,1,0.8804,0.5761,0.7519,0.5761,0.8804,0.5761,0.7519,0.5761
"823",400909,1,0.775,0.4676,0.6655,0.3991,0.775,0.4676,0.6655,0.3991
"824",401624,0,0.5028,0.4261,0.6227,0.2856,0.5028,0.4261,0.6227,0.2856
"825",401722,0,0.8715,0.5813,0.756,0.5813,0.8715,0.5813,0.756,0.5813
"826",401879,0,1,1,1,1,1,1,1,1
"827",40206,0,0.7278,0.4009,0.5984,0.285,0.7278,0.4009,0.5984,0.285
"828",40272,0,0.1697,0.3275,0.5152,0.2127,0.1697,0.3275,0.5152,0.2127
"829",402776,0,0.6412,0.3453,0.5418,0.299,0.6412,0.3453,0.5418,0.299
"830",403761,0,0.6791,0.5028,0.6893,0.3049,0.6791,0.5028,0.6893,0.3049
"831",403800,0,0.8527,0.5195,0.7049,0.3221,0.8527,0.5195,0.7049,0.3221
"832",404146,0,0.6222,0.425,0.6182,0.2381,0.6222,0.425,0.6182,0.2381
"833",40693,0,0.7202,0.4382,0.6307,0.3227,0.7202,0.4382,0.6307,0.3227
"834",40802,1,0.7366,0.5251,0.7114,0.3676,0.7366,0.5251,0.7114,0.3676
"835",41155,1,0.875,0.4514,0.644,0.4297,0.875,0.4514,0.644,0.4297
"836",42808,1,1,1,1,1,1,1,1,1
"837",42996,0,0.8288,0.4639,0.658,0.3453,0.8288,0.4639,0.658,0.3453
"838",43210,0,0.6965,0.447,0.6382,0.3112,0.6965,0.447,0.6382,0.3112
"839",43326,0,0.9511,0.7059,0.8441,0.5831,0.9511,0.7059,0.8441,0.5831
"840",43661,1,0.9574,0.5738,0.7478,0.5738,0.9574,0.5738,0.7478,0.5738
"841",43892,1,0.442,0.2322,0.4009,0.2322,0.442,0.2322,0.4009,0.2322
"842",44081,0,0.6996,0.416,0.6113,0.2904,0.6996,0.416,0.6113,0.2904
"843",44575,0,0.7749,0.4923,0.6817,0.344,0.7749,0.4923,0.6817,0.344
"844",45133,0,0.8344,0.5494,0.7288,0.4203,0.8344,0.5494,0.7288,0.4203
"845",45154,0,0.8424,0.5162,0.7025,0.3128,0.8424,0.5162,0.7025,0.3128
"846",45237,0,0.8361,0.529,0.7155,0.3765,0.8361,0.529,0.7155,0.3765
"847",45326,0,0.6221,0.3761,0.572,0.2642,0.6221,0.3761,0.572,0.2642
"848",45655,0,0.6923,0.4544,0.6485,0.3276,0.6923,0.4544,0.6485,0.3276
"849",46194,0,0.3176,0.4025,0.5931,0.2432,0.3176,0.4025,0.5931,0.2432
"850",4634,0,0.4018,0.3758,0.5723,0.2557,0.4018,0.3758,0.5723,0.2557
"851",46390,0,0.6625,0.4191,0.6109,0.3261,0.6625,0.4191,0.6109,0.3261
"852",46854,0,0.8809,0.5903,0.7584,0.506,0.8809,0.5903,0.7584,0.506
"853",47248,0,0.7781,0.4744,0.6672,0.3605,0.7781,0.4744,0.6672,0.3605
"854",47636,0,0.7726,0.5077,0.6981,0.3467,0.7726,0.5077,0.6981,0.3467
"855",48037,0,0.2811,0.3811,0.5682,0.2102,0.2811,0.3811,0.5682,0.2102
"856",4911,0,0.8408,0.5224,0.7071,0.5224,0.8408,0.5224,0.7071,0.5224
"857",49402,0,0.8763,0.6225,0.7884,0.5981,0.8763,0.6225,0.7884,0.5981
"858",49436,1,0.9683,0.7557,0.8733,0.652,0.9683,0.7557,0.8733,0.652
"859",49514,1,1,1,1,1,1,1,1,1
"860",4952,1,0.6634,0.4842,0.6804,0.364,0.6634,0.4842,0.6804,0.364
"861",4979,0,0.8089,0.402,0.5923,0.3338,0.8089,0.402,0.5923,0.3338
"862",49898,0,0.7181,0.4669,0.6538,0.3393,0.7181,0.4669,0.6538,0.3393
"863",50070,1,0.9364,0.6933,0.8359,0.6424,0.9364,0.6933,0.8359,0.6424
"864",50099,0,1,1,1,1,1,1,1,1
"865",50129,0,0.391,0.4339,0.6326,0.2258,0.391,0.4339,0.6326,0.2258
"866",50199,1,0.9731,0.7529,0.8714,0.6887,0.9731,0.7529,0.8714,0.6887
"867",50971,0,0.6748,0.4329,0.6277,0.2717,0.6748,0.4329,0.6277,0.2717
"868",51183,0,0.2071,0.2684,0.4466,0.2065,0.2071,0.2684,0.4466,0.2065
"869",51195,0,0.5081,0.3744,0.5722,0.2537,0.5081,0.3744,0.5722,0.2537
"870",5175,1,0.9693,0.675,0.8211,0.5595,0.9693,0.675,0.8211,0.5595
"871",51845,0,1,1,1,1,1,1,1,1
"872",51898,0,1,1,1,1,1,1,1,1
"873",51998,0,0.6709,0.4131,0.6115,0.2649,0.6709,0.4131,0.6115,0.2649
"874",52072,1,0.9818,0.7774,0.8878,0.695,0.9818,0.7774,0.8878,0.695
"875",53237,0,1,1,1,1,1,1,1,1
"876",53537,1,0.9244,0.5756,0.7437,0.5213,0.9244,0.5756,0.7437,0.5213
"877",53559,1,0.7005,0.3614,0.5583,0.2995,0.7005,0.3614,0.5583,0.2995
"878",53613,0,0.2866,0.3692,0.5682,0.2322,0.2866,0.3692,0.5682,0.2322
"879",53714,0,0.3888,0.4104,0.6073,0.2427,0.3888,0.4104,0.6073,0.2427
"880",53894,0,0.8978,0.5452,0.7247,0.4974,0.8978,0.5452,0.7247,0.4974
"881",54993,0,0.733,0.4248,0.6237,0.4248,0.733,0.4248,0.6237,0.4248
"882",55171,1,0.9047,0.5354,0.7184,0.494,0.9047,0.5354,0.7184,0.494
"883",55279,1,1,1,1,1,1,1,1,1
"884",55689,0,0.7521,0.5014,0.688,0.4515,0.7521,0.5014,0.688,0.4515
"885",56744,1,0.919,0.6125,0.7817,0.6125,0.919,0.6125,0.7817,0.6125
"886",5831,1,0.8688,0.6012,0.7693,0.5219,0.8688,0.6012,0.7693,0.5219
"887",59321,0,0.8073,0.4725,0.6625,0.4725,0.8073,0.4725,0.6625,0.4725
"888",59907,0,0,0,0,0,0,0,0,0
"889",60175,0,0.1663,0.2666,0.4425,0.1851,0.1663,0.2666,0.4425,0.1851
"890",60208,0,0.9132,0.5596,0.738,0.5596,0.9132,0.5596,0.738,0.5596
"891",61068,1,0.868,0.5783,0.7538,0.5783,0.868,0.5783,0.7538,0.5783
"892",61480,1,0.5487,0.3499,0.5458,0.2892,0.5487,0.3499,0.5458,0.2892
"893",61514,0,0.9907,0.7778,0.8858,0.6989,0.9907,0.7778,0.8858,0.6989
"894",61623,1,0.7368,0.4886,0.6824,0.3651,0.7368,0.4886,0.6824,0.3651
"895",62158,0,0.3054,0.3911,0.5927,0.2211,0.3054,0.3911,0.5927,0.2211
"896",6242,1,1,1,1,1,1,1,1,1
"897",62522,1,0.8384,0.4211,0.6179,0.3554,0.8384,0.4211,0.6179,0.3554
"898",62776,1,0.8165,0.492,0.6853,0.4209,0.8165,0.492,0.6853,0.4209
"899",64612,0,0.6566,0.5157,0.7071,0.2884,0.6566,0.5157,0.7071,0.2884
"900",65216,0,0.902,0.6688,0.8188,0.5855,0.902,0.6688,0.8188,0.5855
"901",65468,1,0.8574,0.4914,0.6822,0.3978,0.8574,0.4914,0.6822,0.3978
"902",6565,0,1,1,1,1,1,1,1,1
"903",65825,1,0.8932,0.5366,0.7173,0.423,0.8932,0.5366,0.7173,0.423
"904",66109,0,0.8527,0.5293,0.715,0.388,0.8527,0.5293,0.715,0.388
"905",66306,1,0.5857,0.4426,0.6395,0.2672,0.5857,0.4426,0.6395,0.2672
"906",66596,0,0.3514,0.3979,0.5992,0.2368,0.3514,0.3979,0.5992,0.2368
"907",66903,0,0.6253,0.4138,0.607,0.2677,0.6253,0.4138,0.607,0.2677
"908",66982,1,0.8733,0.6031,0.7652,0.4959,0.8733,0.6031,0.7652,0.4959
"909",6709,0,0.5573,0.4629,0.6562,0.2875,0.5573,0.4629,0.6562,0.2875
"910",67486,0,0.5795,0.3839,0.5848,0.2547,0.5795,0.3839,0.5848,0.2547
"911",67518,0,0.9141,0.6536,0.8083,0.6536,0.9141,0.6536,0.8083,0.6536
"912",67786,0,0.7902,0.5049,0.6913,0.3449,0.7902,0.5049,0.6913,0.3449
"913",68494,1,0.8994,0.3122,0.5031,0.3122,0.8994,0.3122,0.5031,0.3122
"914",68766,1,0.8876,0.5637,0.7437,0.525,0.8876,0.5637,0.7437,0.525
"915",69637,0,0.6348,0.4553,0.6495,0.3414,0.6348,0.4553,0.6495,0.3414
"916",70376,0,0.7682,0.4241,0.6204,0.3428,0.7682,0.4241,0.6204,0.3428
"917",70643,1,0.943,0.6609,0.8108,0.6115,0.943,0.6609,0.8108,0.6115
"918",71003,1,1,1,1,1,1,1,1,1
"919",712,0,0.9417,0.566,0.7433,0.4968,0.9417,0.566,0.7433,0.4968
"920",71466,0,0.5403,0.3563,0.5537,0.2531,0.5403,0.3563,0.5537,0.2531
"921",71643,0,0.8875,0.609,0.7745,0.5369,0.8875,0.609,0.7745,0.5369
"922",7166,0,0.6685,0.4975,0.6859,0.2952,0.6685,0.4975,0.6859,0.2952
"923",71891,1,0.7547,0.487,0.679,0.4072,0.7547,0.487,0.679,0.4072
"924",72289,1,0.7975,0.4573,0.6488,0.3668,0.7975,0.4573,0.6488,0.3668
"925",72561,1,0.9,0.542,0.7284,0.542,0.9,0.542,0.7284,0.542
"926",7270,1,0.7928,0.5576,0.7384,0.3522,0.7928,0.5576,0.7384,0.3522
"927",73246,0,0.3752,0.3629,0.5561,0.2267,0.3752,0.3629,0.5561,0.2267
"928",73276,0,0.592,0.4177,0.6132,0.2842,0.592,0.4177,0.6132,0.2842
"929",73540,0,0.9453,0.7004,0.8397,0.7004,0.9453,0.7004,0.8397,0.7004
"930",74086,0,0.5935,0.5034,0.6906,0.2366,0.5935,0.5034,0.6906,0.2366
"931",7427,0,0.653,0.3716,0.567,0.3049,0.653,0.3716,0.567,0.3049
"932",75361,0,0.261,0.3537,0.5509,0.2339,0.261,0.3537,0.5509,0.2339
"933",75854,1,0.9008,0.6032,0.7727,0.4314,0.9008,0.6032,0.7727,0.4314
"934",76006,1,0.8417,0.4673,0.6575,0.4673,0.8417,0.4673,0.6575,0.4673
"935",76648,1,0.8507,0.5696,0.7486,0.4696,0.8507,0.5696,0.7486,0.4696
"936",77126,0,0.6377,0.4218,0.6188,0.283,0.6377,0.4218,0.6188,0.283
"937",77245,0,0.5834,0.4657,0.6623,0.2685,0.5834,0.4657,0.6623,0.2685
"938",77555,1,0.9123,0.5936,0.7653,0.4245,0.9123,0.5936,0.7653,0.4245
"939",77573,0,0.6718,0.3947,0.5893,0.2485,0.6718,0.3947,0.5893,0.2485
"940",77624,0,0.1953,0.2162,0.3834,0.1908,0.1953,0.2162,0.3834,0.1908
"941",78327,1,1,1,1,1,1,1,1,1
"942",78366,0,0.7165,0.4973,0.6884,0.2817,0.7165,0.4973,0.6884,0.2817
"943",78815,1,1,1,1,1,1,1,1,1
"944",78940,0,0.524,0.3852,0.5853,0.2578,0.524,0.3852,0.5853,0.2578
"945",79015,1,1,1,1,1,1,1,1,1
"946",79591,1,0.9534,0.7239,0.8548,0.6796,0.9534,0.7239,0.8548,0.6796
"947",80142,1,0.911,0.6029,0.7688,0.6029,0.911,0.6029,0.7688,0.6029
"948",80328,0,0.3709,0.3614,0.5542,0.2364,0.3709,0.3614,0.5542,0.2364
"949",80354,1,0.9556,0.6788,0.8242,0.6125,0.9556,0.6788,0.8242,0.6125
"950",8044,0,0.9419,0.6672,0.8154,0.6011,0.9419,0.6672,0.8154,0.6011
"951",80699,1,0.8595,0.5007,0.6894,0.4657,0.8595,0.5007,0.6894,0.4657
"952",80831,1,0.9067,0.6225,0.7882,0.4539,0.9067,0.6225,0.7882,0.4539
"953",81100,1,0.9161,0.5984,0.7675,0.55,0.9161,0.5984,0.7675,0.55
"954",81229,1,0.9684,0.7348,0.8602,0.6672,0.9684,0.7348,0.8602,0.6672
"955",82189,1,1,1,1,1,1,1,1,1
"956",82427,0,0.4817,0.3572,0.5485,0.312,0.4817,0.3572,0.5485,0.312
"957",82688,0,0.5016,0.4434,0.634,0.2437,0.5016,0.4434,0.634,0.2437
"958",83100,0,0.7118,0.4462,0.6402,0.2659,0.7118,0.4462,0.6402,0.2659
"959",84039,1,0.8046,0.4657,0.6534,0.4657,0.8046,0.4657,0.6534,0.4657
"960",84819,0,0.2539,0.3706,0.5696,0.2289,0.2539,0.3706,0.5696,0.2289
"961",85527,0,0.8924,0.5919,0.7621,0.5919,0.8924,0.5919,0.7621,0.5919
"962",8571,0,0.7558,0.4192,0.6118,0.4028,0.7558,0.4192,0.6118,0.4028
"963",85959,0,0.7574,0.5086,0.6942,0.293,0.7574,0.5086,0.6942,0.293
"964",86251,0,0.9297,0.4499,0.6453,0.4193,0.9297,0.4499,0.6453,0.4193
"965",87662,0,1,1,1,1,1,1,1,1
"966",87672,0,0.191,0.2365,0.4091,0.1858,0.191,0.2365,0.4091,0.1858
"967",8778,0,0.8884,0.4836,0.6741,0.4411,0.8884,0.4836,0.6741,0.4411
"968",87796,0,0.4893,0.3029,0.4859,0.2269,0.4893,0.3029,0.4859,0.2269
"969",87812,0,0.8935,0.5118,0.6981,0.4205,0.8935,0.5118,0.6981,0.4205
"970",87898,0,0.7089,0.4894,0.681,0.314,0.7089,0.4894,0.681,0.314
"971",89306,0,0.7032,0.3996,0.5952,0.3171,0.7032,0.3996,0.5952,0.3171
"972",89713,0,0.2057,0.3217,0.5101,0.2414,0.2057,0.3217,0.5101,0.2414
"973",90380,0,0.8499,0.4908,0.6808,0.4494,0.8499,0.4908,0.6808,0.4494
"974",90415,1,0.7755,0.5383,0.7227,0.358,0.7755,0.5383,0.7227,0.358
"975",90460,1,0.934,0.6685,0.8154,0.6685,0.934,0.6685,0.8154,0.6685
"976",90824,0,0.2875,0.3643,0.5601,0.2124,0.2875,0.3643,0.5601,0.2124
"977",91019,1,1,1,1,1,1,1,1,1
"978",91417,0,0.7374,0.4873,0.6753,0.3116,0.7374,0.4873,0.6753,0.3116
"979",91628,1,0.7413,0.5058,0.6951,0.3097,0.7413,0.5058,0.6951,0.3097
"980",91826,0,0.8146,0.5131,0.7013,0.3773,0.8146,0.5131,0.7013,0.3773
"981",92081,0,0.539,0.4435,0.6401,0.2561,0.539,0.4435,0.6401,0.2561
"982",93801,1,0.7321,0.4413,0.6387,0.371,0.7321,0.4413,0.6387,0.371
"983",94284,0,0.8801,0.4249,0.6217,0.3074,0.8801,0.4249,0.6217,0.3074
"984",94394,0,0.2405,0.3639,0.5565,0.2121,0.2405,0.3639,0.5565,0.2121
"985",9443,1,0.6976,0.4021,0.5994,0.4021,0.6976,0.4021,0.5994,0.4021
"986",94535,0,0.2405,0.3715,0.567,0.2133,0.2405,0.3715,0.567,0.2133
"987",95362,0,0.1252,0.2819,0.4573,0.2079,0.1252,0.2819,0.4573,0.2079
"988",96124,1,0.9082,0.5605,0.7414,0.5041,0.9082,0.5605,0.7414,0.5041
"989",96940,1,0.9435,0.562,0.7398,0.5229,0.9435,0.562,0.7398,0.5229
"990",97044,0,0.5532,0.3813,0.5792,0.269,0.5532,0.3813,0.5792,0.269
"991",97125,0,0.5945,0.3583,0.5541,0.234,0.5945,0.3583,0.5541,0.234
"992",97152,1,0.7334,0.538,0.7197,0.3263,0.7334,0.538,0.7197,0.3263
"993",97303,1,1,1,1,1,1,1,1,1
"994",97493,1,0.7779,0.477,0.663,0.3216,0.7779,0.477,0.663,0.3216
"995",98035,0,0.4542,0.3059,0.4953,0.3059,0.4542,0.3059,0.4953,0.3059
"996",98569,1,0.9377,0.5656,0.7468,0.5038,0.9377,0.5656,0.7468,0.5038
"997",98747,1,0.9263,0.6268,0.789,0.587,0.9263,0.6268,0.789,0.587
"998",9894,1,0.7265,0.4183,0.6185,0.2817,0.7265,0.4183,0.6185,0.2817
"999",99348,0,1,1,1,1,1,1,1,1
"1000",999,0,0.1934,0.2899,0.4744,0.2004,0.1934,0.2899,0.4744,0.2004
